MovieId,directorName
2,Joe Johnston
3,Howard Deutch
4,Forest Whitaker
5,Charles Shyer
6,Michael Mann
10,Martin Campbell
11,Robert Reiner
12,Mel Brooks
14,Oliver Stone
15,Renny Harlin
17,Ang Lee
18,Quentin Tarantino
19,Steve Oedekerk
21,Barry Sonnenfeld
23,Richard Donner
25,Mike Figgis biography and credits
26,Oliver Parker
28,Roger Michell
29,Marc Caro
30,Zhang Yimou
31,John N. Smith
32,Terry Gilliam
33,Jean-Jacques Annaud
35,Christopher Hampton
38,Andy Tennant
40,Darrell Roodt
41,Richard Loncraine
42,Albert Hughes
46,Jocelyn Moorhouse
48,Eric Goldberg
49,Patricia Rozema
50,Bryan Singer
52,Woody Allen
53,Gianni Amelio
54,Holly Goldberg Sloan
55,Ulu Grosbard
60,Frank Oz
61,John Schlesinger
62,Stephen Herek
63,Paris Barclay
64,Bill Bennett
65,Jason Bloom
66,Farhad Mann
67,James Foley
68,Josiane Balasko
69,F. Gary Gray
70,Robert Rodriguez
72,Noah Baumbach
74,Michael Goldenberg
75,Steve Miner
76,Christian Duguay
79,Brian Gibson
81,Gary Fleder
82,Marleen Gorris
84,Henry Jaglom
86,Ridley Scott
87,Ken Kwapis
88,Penelope Spheeris
89,John Badham
90,John Duigan
92,Stephen Frears
93,Wes Craven
94,Ted Demme
95,John Woo
96,Kenneth Branagh
101,Wes Anderson
102,Nick Castle
104,Dennis Dugan
105,Clint Eastwood
107,Brian Henson
110,Alan Hale Sr.
111,Chetan Anand
113,Barbet Schroeder
115,Ã‰tienne Chatiliez
116,Jon Blair
117,Benjamin Ross
118,Eric Schaeffer
119,Andrew Davis
122,Reginald Hudlin
125,David O. Russell
131,Michael Lindsay-Hogg
132,William Friedkin
135,David S. Ward
137,Dirk Shafer
138,Terence Davies biography and filmography
141,Mike Nichols
143,Jakov Sedlar
144,Edward Burns
146,Christopher Cain
147,Scott Kalvert
148,Mike Newell
150,Ron Howard
153,Joel Schumacher
154,Luis BuÃ±uel
155,John Boorman
156,Paul Auster
157,Michael Moore
158,Brad Silberling
159,Spike Lee
161,Tony Scott
162,Terry Zwigoff
163,Robert Rodriguez
164,Carl Franklin
165,John McTiernan
166,Gregg Araki
167,Christopher Menaul
168,Jerry Zucker
170,Iain Softley
172,Robert Longo
173,Danny Cannon
174,John Fortenberry
175,Larry Clark
176,Tom DiCillo
177,Clive Barker
178,Denys Arcand
179,Antonia Bird
180,Kevin Smith
181,Bryan Spicer
182,David Anspaugh
183,Anthony Waller
184,Michael Almereyda
186,Chris Columbus
188,John Frankenheimer
189,Norman RenÃ©
190,Todd Haynes
191,Roland JoffÃ©
193,Paul Verhoeven
194,Wayne Wang
195,Lasse HallstrÃ¶m
196,Roger Donaldson
197,James Keach
198,Kathryn Bigelow
199,Jacques Demy
200,Wesley Strick
201,Martha Coolidge
202,Agnieszka Holland
203,The Baroness Kidron
204,Geoff Murphy
205,Diane Keaton
207,Alfonso Arau
208,Kevin Reynolds
209,Desmond Nakano
211,Mike Figgis biography and credits
212,Greg Beeman
213,Nikita Mikhalkov
215,Richard Linklater
216,Tamra Davis
218,Herbert Ross
219,Kiyoshi Kurosawa
220,Stuart Gordon
222,Pat O'Connor
223,Kevin Smith
224,Jeremy Leven
227,John Badham
230,Taylor Hackford
231,Peter Farrelly
233,Atom Egoyan
234,Garry Marshall
235,Tim Burton
236,Lawrence Kasdan
237,Billy Crystal
238,Phillip Borsos
239,Kevin Lima
242,GÃ©rard Corbiau
244,Art Clokey
245,Charles Burnett
246,Steve James
247,Sir Peter Jackson
248,Randall Miller
251,Charles Crichton
252,Fred Schepisi
254,James Ivory
256,(OC)
257,Arne Glimcher
258,Michael Gottlieb
259,Barbet Schroeder
260,George Lucas
261,Gillian Armstrong
263,Ken Loach
265,Alfonso Arau
267,Nick Castle
270,Glenn Gordon Caron
271,Stephen Gyllenhaal
272,Nicholas Hytner
273,Kenneth Branagh
274,James Joseph Orr
275,James Parrott
276,Richard Benjamin
277,Les Mayfield
278,David Frankel
281,Robert Benton
282,Michael Apted
283,Nicholas Gomez
286,Albert Pyun
288,Oliver Stone
289,Norman Jewison
291,Anne Goursaud
292,Wolfgang Petersen
294,Mira Nair
295,Joshua Brand
296,Quentin Tarantino
297,Blake Edwards
298,Ang Lee
299,Antonia Bird biography and filmography
300,Robert Redford
301,Kayo Hatta
304,Peter Yates
309,He Ping
310,Fred Gerber
311,George Mihalka
313,Richard Rich
314,John Sayles
315,Luis Llosa
316,Roland Emmerich
319,Danny Boyle biography and credits
320,David Siegel
322,George Huang
324,Kevin Dowling
325,Kelly Makin
326,Zhang Yimou
327,Rachel Talalay
329,David Carson
330,Rusty Cundieff
334,Louis Malle
336,Preston A. Whitmore II
337,Lasse HallstrÃ¶m
338,Brett Leonard
340,Jon Avnet
341,Mina Shum
343,Melanie Mayron
344,Tom Shadyac
345,Stephan Elliott
346,Iain Softley
348,Woody Allen
349,Phillip Noyce
350,Joel Schumacher
351,Jessie Nelson
352,Spike Lee
353,Alex Proyas
354,Ron Shelton
356,Robert Zemeckis
357,Mike Newell
358,John Singleton
359,Darnell Martin
365,Bernardo Bertolucci
366,Wes Craven
368,Richard Donner
369,Alan Rudolph
372,Ben Stiller
373,John Dahl
375,Robert Allan Ackerman
376,Elia Kazan
377,Jan de Bont
379,Peter Hyams
380,James Cameron
381,Luis Mandoki
382,Mike Nichols
383,Lawrence Kasdan
384,Damian Harris
385,The Cazalets
386,Jefery Levy
390,Russ Meyer
391,Doug McHenry
393,Steven E. de Souza
394,Wallace Wolodarsky
396,Paul Warner
398,Theodore Thomas
401,Edward Dmytryk
405,Andy Morahan
408,John G. Avildsen
409,Jeff Pollack
410,Barry Sonnenfeld
411,Thomas Schlamme
412,Martin Scorsese
413,Michael Lehmann
414,Paul Michael Glaser
415,John Badham
417,Whit Stillman
418,Bill Forsyth biography and filmography
419,Penelope Spheeris
420,John Landis
421,Caroline Thompson
422,Michael Apted
424,William Friedkin
426,Abel Ferrara
427,Jennifer Lynch
428,Robert De Niro
429,Adam Resnick
431,Brian De Palma
432,Paul Weiland
434,Renny Harlin
435,Steve Barron
436,Richard Rush
438,Gregg Champion
440,(OC)
442,Marco Brambilla
444,Gus Van Sant
445,Carl Reiner
446,Chen Kaige
448,(AM)
449,Rusty Cundieff
450,Alek Keshishian
451,Steve Kloves
452,John Irvin
453,Barry Sonnenfeld
455,Simon Wincer
456,Boaz Yakin
457,Andrew Davis
459,Roger Donaldson
460,Howard Deutch
461,Rose Troche
462,Bruce Beresford
463,Sidney Lumet
464,John Woo
465,Oliver Stone
466,Jim Abrahams
469,Bille August
471,Joel and Ethan Coen
472,James L. Brooks
474,Wolfgang Petersen
477,Brian Gibson
478,Barry Levinson
480,Steven Spielberg
481,Dominic Sena
482,Roger Avary
483,Steven Soderbergh
484,Daniel Petrie
485,John McTiernan
486,James Lapine
487,Simon Wincer
488,David Cronenberg
491,Spencer Gordon Bennet
492,Woody Allen
493,Allen and Albert Hughes
494,Stuart Baird
495,Nagisa ÅŒshima
497,Kenneth Branagh
499,Anthony Minghella
500,Chris Columbus
501,Mike Leigh
502,Christopher Cain
503,Michael Tolkin
504,Martin Campbell
505,Robert Reiner
506,Sally Potter
507,Clint Eastwood
508,Jonathan Demme
509,Michael Haneke
510,John Singleton
511,Allison Liddi-Brown
513,Mel Smith
514,Ted Demme
515,James Ivory
516,Penny Marshall
517,Philip Kaufman
518,Alan Parker
519,Fred Dekker
520,Mel Brooks
521,Peter Medak
522,Geoffrey Wright
523,Victor Nunez
524,David Anspaugh
525,Tim Hunter
527,Steven Spielberg
528,Michael Ritchie
529,Steven Zaillian
530,Chris Menges
531,Agnieszka Holland
532,John Waters
533,E. Elias Merhige
535,Robert Altman
536,Gillies Mackinnon
538,Fred Schepisi
539,Nora Ephron
540,Phillip Noyce
541,Ridley Scott
542,Steve Rash
543,Thomas Schlamme
544,Rowdy L. Herrington
545,Eddie Murphy
546,Rocky Morton
548,Deran Sarafian
549,FranÃ§ois Girard
551,Henry Selick
552,Stephen Herek
554,Heywood Gould
555,Tony Scott
558,Joe Johnston
559,Jerry Ciccoritti
562,Todd Solondz
563,Claude Berri
564,Yngve Gamlin
565,Guillermo del Toro
566,Daniel Algrant
569,Andrew Scheinman
574,David O. Russell
575,Penelope Spheeris
577,George T. Miller
583,Nanni Moretti
585,Betty Thomas
587,Jerry Zucker
588,John Musker
589,James Cameron
590,Kevin Costner
592,Tim Burton
593,Jonathan Demme
594,Wilfred Jackson
595,Kirk Wise
596,Wilfred Jackson
597,Garry Marshall
603,Sam Weisman
606,Bill Condon
609,David R. Ellis
610,Gerald Potterton
611,Kevin Yagher
612,Matt Reeves
613,Franco Zeffirelli
614,John English
615,Franco Brusati
616,Wolfgang Reitherman
618,Fernando Trueba
621,AndrÃ© TÃ©chinÃ©
626,Martin Lawrence
627,Stacy Title
628,Gregory Hoblit
629,Clement Virgo
630,Bruno Barreto
633,Hal Salwen
636,Todd Verow
637,Jonathan Lynn
638,Tim Sullivan
639,Spike Lee
640,Jeremiah S. Chechik
645,Claude Sautet
648,Brian De Palma
653,Rob Cohen
656,Steve Rash
657,Gray Hofmeyr
659,RenÃ© ClÃ©ment
660,Anthony Hopkins
661,Henry Selick
662,James Foley
663,Kelly Makin
665,Emir Kusturica
666,Bo Widerberg
668,Satyajit Ray
673,Joe Pytka
674,Roger Vadim
679,Peter Yates
680,Jean-Luc Godard
684,Gordon Willis
685,Randal Kleiser
687,Michael Blakemore
688,Simon Wincer
691,Richard Benjamin
692,Norberto Barba
694,Vikash Dhorasoo
696,Michael Winterbottom
697,Steven Baigelman
698,Zalman King
700,Patrick Read Johnson
701,Stijn Coninx
704,Jean-Claude Van Damme
706,Steve Gomer
708,Michael Lehmann
714,Alex De Rakoff
716,Jack Hill
718,Jean-Marie PoirÃ©
720,Nick Park
724,Andrew Fleming
725,Reginald Hudlin
728,John Schlesinger
730,George Hickenlooper
731,Phil Joanou
732,Larry Cohen
736,Jan de Bont
742,Tom Holland
743,Rick Friedberg
745,Nick Park
746,Abraham Polonsky
747,John Landis
749,Robert Z. Leonard
752,John O'Brien
753,John Irvin
760,Joseph Vilsmaier
761,Ernst Laemmle
762,Andrew Bergman
764,James Mangold
766,Mary Harron
767,Charles Matthau
777,Robby Henson
778,Danny Boyle biography and credits
779,Scott Winant
781,Bernardo Bertolucci
782,Tony Scott
783,Gary Trousdale
786,Chuck Russell
788,Tom Shadyac
790,Lucian Pintilie
799,Sir Peter Jackson
800,John Sayles
802,Jon Turteltaub
803,Nicole Holofcener
805,Joel Schumacher
806,Michael Corrente
809,Kevin Hooks
810,Paul Michael Glaser
813,Howard Franklin
816,Nicolas Roeg biography and credits
818,Arlene Sanford
822,Paul Turner
823,Ã‰ric Rohmer
824,Werner Herzog
828,Steve Barron
830,Hugh Wilson
831,Nigel Finch
832,Ron Howard
834,Doug Ellin
837,Danny DeVito
841,Georges Franju
842,Gilbert Adler
846,Hal Hartley
848,Lee David Zlotoff
851,Julian Schnabel
852,Ron Shelton
853,Rolf de Heer
864,Robert Schwentke
865,Gillies Mackinnon
869,Robert Altman
870,Christopher Cain
872,Tsai Ming-liang
873,Daniel Walter Schmid
875,Steve Oedekerk
877,Jim McKay
878,Marco Ferreri
879,Peter Hyams
880,John Frankenheimer
882,David Koepp
885,Norman Jewison
891,Joe Chappelle
893,Keith Gordon
895,Henry Jaglom
896,AndrÃ© TÃ©chinÃ©
897,Sam Wood
898,George Cukor
899,Stanley Donen
900,Vincente Minnelli
901,Stanley Donen
902,Blake Edwards
903,Alfred Hitchcock
905,Frank Capra
907,Mark Sandrich
908,Alfred Hitchcock
909,George Seaton
910,George Archainbaud
912,Michael Curtiz
913,John Huston
914,George Cukor
915,Billy Wilder
918,Vincente Minnelli
920,Victor Fleming
921,Richard Benjamin
923,Orson Welles
925,Mitchell Leisen
926,Joseph L. Mankiewicz
928,Alfred Hitchcock
929,Alfred Hitchcock
930,Alfred Hitchcock
931,Alfred Hitchcock
932,Leo McCarey
933,Alfred Hitchcock
934,Vincente Minnelli
936,Ernst Lubitsch
937,Billy Wilder
939,Vincente Minnelli
942,Otto Preminger
943,Joseph L. Mankiewicz
944,Frank Capra
945,Mark Sandrich
948,George Stevens
949,Elia Kazan
950,Richard Thorpe
952,Michael Anderson
953,Clifton Ko M.H.
954,Frank Capra
957,Victor SjÃ¶strÃ¶m
968,Jeff Broadstreet
969,John Huston
980,Corey Yuen
981,Darrell Roodt
982,Joshua Logan
984,Richard Schenkman
986,Carroll Ballard
987,Ray Lawrence
988,Allison Anders
989,Joseph Vilsmaier
990,Ringo Lam
991,Neil Jordan
992,Amy Holden Jones
993,Matthew Broderick
997,Max OphÃ¼ls
999,John Herzfeld
1003,Michael Apted
1004,John Gray
1007,Norman Tokar
1008,Norman Foster
1009,John Hough
1010,Robert F. McGowan
1011,Robert Stevenson
1012,Robert Stevenson
1013,David Swift
1015,Duwayne Dunham
1016,Charles Barton
1017,Ken Annakin
1018,Robert Stevenson
1020,Jon Turteltaub
1021,William Dear
1022,Clyde Geronimi
1023,Wolfgang Reitherman
1024,Harold Young
1026,Hamilton Luske
1027,Kevin Reynolds
1028,Robert Stevenson
1029,Ben Sharpsteen
1031,Robert Stevenson
1032,Wilfred Jackson
1034,Matthew Bright
1035,Robert Wise
1036,John McTiernan
1037,Brett Leonard
1038,Nick Cassavetes
1041,Raman Hui
1042,Tom Hanks
1043,Michael Pressman
1044,James Ivory
1045,Joseph Bologna
1047,Renny Harlin
1050,Al Pacino
1051,Steve Buscemi
1052,Ismail Merchant
1053,John McNaughton
1054,Spike Lee
1055,George P. Cosmatos
1056,Michael Winterbottom
1057,Woody Allen
1060,Doug Liman
1062,Michael Cimino
1063,Scott Silver
1064,Tad Stones
1065,Anthony Asquith
1066,Mark Sandrich
1068,Edward Dmytryk
1069,Edward Dmytryk
1070,Nicholas Ray
1071,Preston Sturges
1076,Richard Wallace
1078,Woody Allen
1080,Terry Jones
1081,Matthew Diamond
1082,Michael Ritchie
1083,Blake Edwards
1084,Arthur Penn
1085,Fred Zinnemann
1086,Alfred Hitchcock
1088,Emile Ardolino
1089,Quentin Tarantino
1090,Oliver Stone
1092,Michael Caton-Jones
1093,Oliver Stone
1094,Neil Jordan
1095,James Foley
1096,Alan J. Pakula
1097,Steven Spielberg
1099,Robert Zemeckis
1100,Tony Scott
1101,Ray Nazarro
1103,Nicholas Ray
1104,Elia Kazan
1112,Alan Taylor
1114,Guy Hamilton
1115,Joe Nussbaum
1119,Lou Breslow
1120,MiloÅ¡ Forman
1124,Mark Rydell
1125,Blake Edwards
1126,Ate de Jong
1127,James Cameron
1131,Claude Berri
1132,Claude Berri
1137,Rick Castro
1143,Raoul Ruiz
1148,Nick Park
1151,Jan Å vankmajer
1153,Anthony Mann
1160,Leo McCarey
1164,Jean-Luc Godard
1167,Garry Marshall
1168,Eric Red
1170,Phillip Rhee
1172,Giuseppe Tornatore
1173,Peter Greenaway biography and credits
1179,Stephen Frears
1183,Anthony Minghella
1185,Jim Sheridan
1186,Steven Soderbergh
1187,John Sayles
1188,Baz Luhrmann
1190,Pedro AlmodÃ³var
1191,Alek Keshishian
1192,Jennie Livingston
1193,MiloÅ¡ Forman
1194,William Beaudine
1196,Irvin Kershner
1197,Robert Reiner
1198,Steven Spielberg
1199,Terry Gilliam
1200,James Cameron
1201,Sergio Leone
1203,Sidney Lumet
1204,David Lean
1207,Robert Patrick Mulligan
1208,Francis Ford Coppola
1209,Sergio Leone
1210,Richard Marquand
1212,Ron Oliver
1213,Martin Scorsese
1214,Ridley Scott
1217,Akira Kurosawa
1219,Alfred Hitchcock
1220,John Landis
1221,Francis Ford Coppola
1224,Kenneth Branagh
1225,MiloÅ¡ Forman
1226,John Ford
1227,Sergio Leone
1228,Martin Scorsese
1230,Woody Allen
1231,Philip Kaufman
1232,Hoffmanniana
1235,Hal Ashby
1236,Hal Hartley
1241,Sir Peter Jackson
1245,Joel and Ethan Coen
1246,(AM)
1248,Orson Welles
1250,David Lean
1255,Sir Peter Jackson
1256,Leo McCarey
1257,Savage Steve Holland
1258,David Seltzer
1259,Robert Reiner
1264,Jean-Jacques Beineix
1266,Clint Eastwood
1267,John Frankenheimer
1268,Allan Moyle
1269,Frank Capra
1270,Robert Zemeckis
1272,Franklin J. Schaffner
1273,Jim Jarmusch
1275,Russell Mulcahy
1276,Stuart Rosenberg
1278,Mel Brooks
1279,Jim Jarmusch
1280,Zhang Yimou
1281,Charlie Chaplin
1283,Peter Markle
1284,Howard Hawks
1285,Michael Lehmann
1288,Robert Reiner
1290,Howard Deutch
1291,Steven Spielberg
1292,Hal Ashby
1293,Lord Attenborough
1295,Philip Kaufman
1297,Martha Coolidge
1299,Roland JoffÃ©
1300,Lasse HallstrÃ¶m
1301,Fred M. Wilcox
1302,Phil Alden Robinson
1303,John Huston
1304,George Roy Hill
1305,Wim Wenders
1306,Wim Wenders
1307,Robert Reiner
1313,Larry Bishop
1317,Herb Gardner
1321,John Landis
1323,Richard Fleischer
1326,Damiano Damiani
1327,Stuart Rosenberg
1329,Paul Morrissey
1330,Fred Walton
1331,Robert Wise
1332,Daniel Myrick
1333,Alfred Hitchcock
1334,Chuck Russell
1335,Jeffrey Bloom
1336,Eric Red
1337,Robert Wise
1340,James Whale
1341,Dan Curtis
1343,Martin Scorsese
1344,J. Lee Thompson
1345,Brian De Palma
1346,Paul Schrader
1347,Samuel Bayer
1348,F. W. Murnau
1350,Richard Donner
1352,Kevin Spacey
1353,Barbra Streisand
1354,Lars von Trier
1355,Ole Bornedal
1356,Jonathan Frakes
1357,Scott Hicks
1358,Billy Bob Thornton
1359,Brian Levant
1360,Michelangelo Antonioni
1363,Penny Marshall
1367,Stephen Herek
1370,Renny Harlin
1371,Robert Wise
1372,Nicholas Meyer
1373,William Shatner
1374,Nicholas Meyer
1375,Leonard Nimoy
1376,Leonard Nimoy
1377,Tim Burton
1379,Geoff Murphy
1380,Randal Kleiser
1383,Albert Pyun
1387,Steven Spielberg
1389,Joe Alves
1391,Tim Burton
1392,Alexander Payne
1393,Cameron Crowe
1394,Joel and Ethan Coen
1395,Barry Levinson
1398,The Lord Attenborough
1399,Jerry Zaks
1401,Robert Reiner
1404,Sidney Lumet
1408,Michael Mann
1410,Robert M. Harling III
1411,Kenneth Branagh
1412,Terry George
1413,Dan Ireland
1414,Mehboob Khan
1417,Dame Jane Campion
1419,Nicolas Roeg biography and credits
1421,Jerry Garcia
1424,Spike Lee
1425,Robert Young
1426,George T. Miller
1427,Robert Butler
1430,Josef von Sternberg
1431,Dennis Dugan
1432,Thomas Carter
1433,George Pal
1434,Fritz Kiersch
1437,Andrew Birkin
1438,Roger Donaldson
1439,Peter Baldwin
1440,E. Max Frye
1441,Valentine Davies
1445,Bryan Spicer
1446,Jan SvÄ›rÃ¡k
1447,Vondie Curtis-Hall
1449,The Lord Haden-Guest
1453,Ken Kwapis
1454,Penelope Spheeris
1456,Del Lord
1457,Andy Tennant
1458,Paul Schrader
1459,Clint Eastwood
1460,Bob Spiers
1463,Carl Reiner
1464,David Lynch
1465,John Singleton
1466,Mike Newell
1468,Jeff Pollack
1471,Mark Christopher
1472,John Irvin
1473,Tamra Davis
1475,Mira Nair
1476,Betty Thomas
1479,Pier Paolo Pasolini
1480,Bille August
1482,Barry
1483,David Cronenberg
1484,Greg Mottola
1489,Mark Dindal
1495,David Winning
1496,Bernard Rose
1497,Tsui Hark
1498,Pat O'Connor
1499,Luis Llosa
1500,George Armitage
1502,Lynne Stopkewich
1503,Tom Schulman
1507,Bruce Beresford
1513,David Mirkin
1515,Mick Jackson
1516,Peter Duncan
1517,Jay Roach
1523,Kiefer Sutherland
1524,William Dieterle
1527,Luc Besson
1529,Gregg Araki
1535,Joe Mantello
1539,Kevin Allen
1541,Griffin Dunne
1542,Mark Herman
1543,Sir David Hare
1544,Steven Spielberg
1545,Jacques Doillon
1546,Steven Soderbergh
1547,Chip Rosenbloom
1550,Jonathan Lynn
1551,Caroline Thompson
1552,Simon West
1554,Peter Greenaway biography and credits
1555,Gerard Damiano
1556,Jan de Bont
1557,Lloyd Kaufman
1562,Joel Schumacher
1564,Paul Weiland
1566,John Musker
1568,Gary Nelson
1570,Shinya Tsukamoto
1573,George McCowan
1574,D. W. Griffith
1579,Jean-Luc Godard
1581,Martha Coolidge
1582,William Dear
1583,Michael Ritchie
1585,Shirley Barrett
1586,Ridley Scott
1587,John Milius
1588,Sam Weisman
1589,James Mangold
1593,Glenn Gordon Caron
1594,Neil LaBute
1595,Sam Pillsbury
1596,Mike Leigh
1597,Richard Donner
1598,Barbet Schroeder
1599,Zack Snyder
1600,Nick Cassavetes
1601,Bill Duke
1603,Guillermo del Toro
1604,Archie Mayo
1606,John Nicolella
1608,Wolfgang Petersen
1609,Kevin Reynolds
1610,John McTiernan
1611,Gus Van Sant
1613,Miguel Arteta
1617,Curtis Hanson
1619,Jean-Jacques Annaud
1621,George Tillman Jr.
1623,Robert Kurtzman
1624,Jocelyn Moorhouse
1625,Quentin Tarantino
1626,FÃ©lix EnrÃ­quez AlcalÃ¡
1627,Oliver Stone
1632,Keith Samples
1633,Victor Nunez
1635,Ang Lee
1639,Kevin Smith
1641,Peter Cattaneo
1643,John Madden
1645,Taylor Hackford
1646,Stuart Gillard
1649,Errol Morris
1650,Agnieszka Holland
1651,Guy Ferland
1652,Jim Jarmusch
1653,Andrew Niccol
1654,Charles Sturridge
1655,Joe Chappelle
1656,The Baroness Kidron
1657,James Cox
1658,Danny Boyle
1659,Morgan J. Freeman
1660,Kasi Lemmons
1661,Jeb Stuart
1662,Jim Kouf
1663,(OC)
1665,Mel Smith
1666,Robert Downey Sr.
1667,Costa-Gavras
1668,Mike Figgis biography and credits
1669,Sally Potter
1670,Michael Winterbottom
1671,Josh Pate
1672,Francis Ford Coppola
1673,Paul Thomas Anderson
1674,(AM)
1676,Paul Verhoeven
1677,Sidney Lumet
1678,Wayne Wang
1680,Peter Howitt
1681,John R. Leonetti
1682,(AM)
1683,Iain Softley
1686,Jon Avnet
1687,Michael Caton-Jones
1688,Gary Goldman
1693,Steven Spielberg
1695,AgnÃ¨s Merlet
1701,Woody Allen
1702,Les Mayfield
1703,Bryan Spicer
1704,Gus Van Sant
1707,Raja Gosnell
1711,Clint Eastwood
1715,Cindy Sherman
1717,Wes Craven
1719,Atom Egoyan
1721,James Cameron
1722,Roger Spottiswoode
1726,Kevin Costner
1727,Robert Redford
1728,Alan Rickman
1731,Stanley Tong
1735,Alfonso CuarÃ³n
1744,"Dean Semler,  ACS. ASC"
1746,Penelope Spheeris
1747,Barry Levinson
1748,Alex Proyas
1749,John Duigan
1750,Manny Coto
1752,Mikael Salomon
1753,Tamra Davis
1755,Stefan Schwartz
1759,Bruno Barreto
1760,Bob Spiers
1762,Barry
1765,Bret Michaels
1769,Antoine Fuqua
1770,Michael Radford
1772,John Landis
1773,Shinya Tsukamoto
1776,John Dahl
1777,Frank Coraci
1779,Barry Levinson
1782,Roberto Benabib
1783,Volker SchlÃ¶ndorff
1784,James L. Brooks
1785,Abel Ferrara
1788,John Sayles
1791,Catherine Hardwicke
1792,Stuart Baird
1793,Stephan Elliott
1794,Richard Kwietniowski
1797,Greg MacGillivray
1799,Peter O'Fallon
1801,Randall Wallace
1804,Richard Linklater
1805,Jack Perez
1807,John N. Smith
1809,Takeshi Kitano
1810,Mike Nichols
1811,Bob Gosse
1812,M. Night Shyamalan
1814,Boaz Yakin
1815,James Watkins
1816,James Toback
1820,Lesli Linka Glatter
1821,Nicholas Hytner
1822,Steve Boyum
1824,Stephen Gyllenhaal
1826,Steve Gomer
1827,Michael Moore
1829,Wayne Wang
1833,Harold Becker
1834,David Mamet
1835,Brad Silberling
1836,Whit Stillman
1837,Howard Deutch
1839,Michael Lehmann
1840,Spike Lee
1841,Robert Altman
1842,Nicholas Gomez
1845,Jake Kasdan
1846,Gary Oldman
1849,Anthony Hickox
1850,Julie Davis
1852,Juan JosÃ© Campanella
1853,Arthur Hiller
1854,Doug Ellin
1855,Todd Holland
1857,Tom DiCillo
1859,Abbas Kiarostami
1860,Mike van Diem
1862,Peter Medak
1865,Barbara Kopple
1869,Kevin Hooks
1870,Tim McCanlies
1875,Jill Sprecher
1876,Mimi Leder
1879,Toshiaki Toyoda
1880,John Duigan
1881,Frederik Du Chau
1882,Roland Emmerich
1883,Warren Beatty
1884,Terry Gilliam
1885,Don Roos
1887,The Lord Haden-Guest
1888,Forest Whitaker
1889,Erik SkjoldbjÃ¦rg
1893,Caroline Link
1895,Deborah Kaplan
1897,Lisa Cholodenko
1902,Tiffanie DeBartolo
1903,Christopher Scott Cherot
1904,Hal Hartley
1906,Noah Baumbach
1908,Marc Evans
1909,Rob Bowman
1912,Lennie Weinrib
1914,Chris Eyre
1915,Manoel de Oliveira
1916,Vincent Gallo
1918,Richard Donner
1920,Joe Dante
1921,Darren Aronofsky
1923,Peter Farrelly
1926,Roy Del Ruth
1927,Lewis Milestone
1928,Wesley Ruggles
1930,Frank Lloyd
1931,Frank Lloyd
1932,Robert Z. Leonard
1935,John Ford
1937,Leo McCarey
1938,Billy Wilder
1939,William Wyler
1940,Elia Kazan
1942,Robert Rossen
1949,Fred Zinnemann
1950,Norman Jewison
1951,Carol Reed
1952,John Schlesinger
1953,John Frankenheimer
1954,John G. Avildsen
1955,Robert Benton
1957,Hugh Hudson
1958,James L. Brooks
1960,Bernardo Bertolucci
1961,Barry Levinson
1963,Woody Allen
1964,Alan J. Pakula
1965,Alex Cox
1968,John Hughes
1969,Jack Sholder
1970,Chuck Russell
1971,Renny Harlin
1973,Rachel Talalay
1974,Sean S. Cunningham
1975,Steve Miner
1976,Steve Miner
1977,Joseph Zito
1978,Danny Steinmann
1979,Tom McLoughlin
1980,John Carl Buechler
1981,Rob Hedden
1983,Rob Zombie
1986,Dominique Othenin-Girard
1987,Paul Lynch
1988,Bruce Pittman
1989,Ron Oliver
1991,Tom Holland
1992,John Lafia
1995,Brian Gibson
1996,Gary Sherman
1997,Renny Harlin
1998,John Boorman
1999,William Peter Blatty
2000,Richard Donner
2001,Richard Donner
2002,Richard Donner
2003,Joe Dante
2004,Joe Dante
2005,Richard Donner
2006,Martin Campbell
2009,Richard Fleischer
2010,Fritz Lang
2011,Robert Zemeckis
2012,Robert Zemeckis
2013,Ronald Neame
2014,Gary Nelson
2015,Robert Stevenson
2016,Vincent McEveety
2017,Jack Donohue
2020,Stephen Frears
2022,Martin Scorsese
2023,Francis Ford Coppola
2024,John Guillermin
2025,Adrian Lyne
2026,David Nutter
2027,Shaji Kailas
2028,Steven Spielberg
2031,Vincent McEveety
2032,Robert Butler
2033,Richard Rich
2034,Tibor TakÃ¡cs
2035,Robert Stevenson
2037,Norman Tokar
2038,Norman Tokar
2040,Robert Butler
2041,Charles Jarrott
2042,Sam Weisman
2043,Robert Stevenson
2044,Steven Hilliard Stern
2045,Mikael Salomon
2046,Randal Kleiser
2047,Robert Stevenson
2048,John Musker
2049,Norman Tokar
2050,Vincent McEveety
2051,Vincent McEveety
2053,Randal Kleiser
2054,Joe Johnston
2055,Robert Butler
2056,Robert Stevenson
2057,Fletcher Markle
2058,F. Gary Gray
2059,Nancy Meyers
2060,David Zucker
2062,Sandra Goldbacher
2064,David S. Ward
2065,Woody Allen
2067,David Lean
2068,Ingmar Bergman
2069,Peter Masterson
2070,Bruce Beresford
2071,Roger Spottiswoode
2072,Joe Dante
2073,Kevin Reynolds
2075,IstvÃ¡n SzabÃ³
2076,David Lynch
2077,Jeremy Kagan
2078,Wolfgang Reitherman
2079,Robert Stevenson
2080,Wilfred Jackson
2081,John Musker
2082,Stephen Herek
2083,Brian Henson
2085,Clyde Geronimi
2086,Phillip Borsos
2087,Wilfred Jackson
2089,Mike Gabriel
2090,Wolfgang Reitherman
2091,John Hough
2092,Tad Stones
2093,Walter Murch
2094,Joe Johnston
2095,Robert Stevenson
2096,Les Clark
2097,Jack Clayton biography and credits
2098,Robert Stevenson
2099,Wilfred Jackson
2100,Ron Howard
2101,Xavier Koller
2103,Jeremiah S. Chechik
2104,Tim Hunter
2105,Joseph Kosinski
2107,Steve Miner
2108,Mick Jackson
2109,Carl Reiner
2110,Carl Reiner
2111,Carl Reiner
2112,Lawrence Kasdan
2114,Francis Ford Coppola
2115,Steven Spielberg
2116,Sir Peter Jackson
2118,David Cronenberg
2119,Stephen King
2121,Lewis Teague
2122,Fritz Kiersch
2123,Don Bluth
2125,Andy Tennant
2128,John Hamburg
2130,Louis Malle
2132,Mike Nichols
2133,Chris Columbus
2134,John Hughes
2137,Charles A. Nichols
2138,Martin Rosen
2141,Don Bluth
2143,Ridley Scott
2144,John Hughes
2145,Howard Deutch
2146,Joel Schumacher
2147,Michael Chapman
2148,Eli Roth
2149,Ethan Wiley
2150,Jamie Uys
2153,Jeremiah S. Chechik
2154,Kevin Rodney Sullivan
2155,Tamara Jenkins
2159,John McNaughton
2161,Wolfgang Petersen
2162,George T. Miller
2166,Joseph Ruben
2167,Stephen Norrington
2170,Pat Proft
2171,Brad Anderson
2173,Vincent Ward
2174,Tim Burton
2176,Alfred Hitchcock
2177,Alfred Hitchcock
2178,Alfred Hitchcock
2179,Alfred Hitchcock
2180,Alfred Hitchcock
2181,Alfred Hitchcock
2183,Alfred Hitchcock
2184,Alfred Hitchcock
2185,Alfred Hitchcock
2186,Alfred Hitchcock
2187,Alfred Hitchcock
2188,Mark Christopher
2189,Bill Plympton
2193,Ron Howard
2194,Brian De Palma
2195,Bob Saget
2196,Tsui Hark
2199,Daryl Duke
2201,Alfred Hitchcock
2203,Alfred Hitchcock
2204,Alfred Hitchcock
2205,Joachim RÃ¸nning
2211,Alfred Hitchcock
2212,Alfred Hitchcock
2215,Alfred Hitchcock
2216,Alfred Hitchcock
2217,Adrian Brunel
2219,Alfred Hitchcock
2221,Alfred Hitchcock
2226,Hideo Nakata
2230,Seymour Hicks
2232,Vincenzo Natali
2236,Mark Steven Johnson
2237,Robert Towne
2238,Lina WertmÃ¼ller
2240,Tony Bill
2241,Melvin Frank
2242,Randal Kleiser
2243,James L. Brooks
2244,Tamar Simon Hoffs
2245,Mike Nichols
2247,Jonathan Demme
2248,Cameron Crowe
2249,Herbert Ross
2250,Paul Brickman
2252,Christopher Reeve
2253,Barry Levinson
2254,David Lowell Rich
2255,Garry Marshall
2257,Jerry Schatzberg
2259,Stanley Donen
2260,Emilio Estevez
2261,Savage Steve Holland
2263,Carl Schultz
2264,Neil Jordan
2265,Dan Aykroyd
2267,Alan Rudolph
2268,Robert Reiner
2269,Adrian Lyne
2272,Carl Franklin
2273,Brett Ratner
2275,Lance Mungia
2276,James Ivory
2278,John Frankenheimer
2280,David Dobkin
2281,Ted Demme
2282,John Waters
2283,Bernardo Bertolucci
2284,Shekhar Kapur
2286,Piers Haggard
2287,Gordon Douglas
2290,Woody Allen
2291,Tim Burton
2292,Jason Bloom
2294,Tim Johnson
2295,Stanley Tucci
2296,John Fortenberry
2297,Vincent Ward
2299,D. W. Griffith
2301,Mel Brooks
2302,Jonathan Lynn
2303,Robert Altman
2304,Alexander Korda
2306,Stephen Herek
2307,Bruno Barreto
2308,Arthur Marks
2310,Peter Chelsom
2315,Ronny Yu
2316,Griffin Dunne
2317,Evan Dunsky
2318,Todd Solondz
2320,Bryan Singer
2321,Gary Ross
2322,Paul Verhoeven
2326,Raoul Ruiz
2327,John Harrison
2329,Tony Kaye
2331,Richard LaGravenese
2332,Hype Williams
2335,Frank Coraci
2336,Shekhar Kapur
2337,Todd Haynes
2338,Danny Cannon
2339,Arlene Sanford
2340,Martin Brest
2341,Pat O'Connor
2344,Andrei Konchalovsky
2346,Bryan Forbes
2347,Stuart Rosenberg
2348,Alex Cox
2351,Federico Fellini
2352,Lawrence Kasdan
2353,Tony Scott
2355,John Lasseter
2356,Woody Allen
2357,Walter Salles
2358,Predrag AntonijeviÄ‡
2359,Kirk Jones
2361,John Waters
2362,Ed Wood
2363,æœ¬å¤šçŒªå››éƒŽ
2364,æ©‹æœ¬å¹¸æ²»
2366,Ernest B. Schoedsack
2367,John Guillermin
2368,John Guillermin
2369,Susan Seidelman
2370,John Boorman
2371,Michael Ritchie
2372,Michael Ritchie
2373,Richard Fleischer
2375,Richard Benjamin
2376,John Glen
2377,Tobe Hooper
2378,Hugh Wilson
2379,Jerry Paris
2380,Jerry Paris
2381,Jim Drake
2383,Peter Bonerz
2384,George Miller
2387,Peter Berg
2389,Gus Van Sant
2390,Mark Herman
2392,Troy Miller
2393,Jonathan Frakes
2394,Brenda Chapman
2395,Wes Anderson
2396,John Madden
2397,Glenn Jordan
2398,George Seaton
2400,John D. Hancock
2401,Clint Eastwood
2402,George P. Cosmatos
2403,Ted Kotcheff
2404,Peter MacDonald
2405,Lewis Teague
2406,Robert Zemeckis
2407,Ron Howard
2408,Daniel Petrie
2409,Sylvester Stallone
2410,Sylvester Stallone
2411,Sylvester Stallone
2412,John G. Avildsen
2413,Jonathan Lynn
2414,Barry Levinson
2415,Jack Fisk
2417,Mike Nichols
2418,Garry Marshall
2420,John G. Avildsen
2423,Jeremiah S. Chechik
2424,Nora Ephron
2425,John Boorman
2426,Paul Greengrass
2427,Terrence Malick
2428,Robert Rodriguez
2429,Ron Underwood
2430,Ernest B. Schoedsack
2431,Tom Shadyac
2433,Steven Zaillian
2434,Maya Angelou
2435,Anthony Drazan
2436,Franco Zeffirelli
2438,J. S. Cardone
2440,Larry Clark
2441,Stephen Frears
2442,Anand Tucker
2443,Willard Carroll
2444,Shane Meadows
2446,Neil Jordan
2447,Brian Robbins
2449,Rod Amateau
2450,Willard Huyck
2451,Teinosuke Kinugasa
2452,Tibor TakÃ¡cs
2453,Nick Castle
2454,Kurt Neumann
2455,David Cronenberg
2456,Chris Walas
2457,Peter Hyams
2459,Marcus Nispel
2460,Tobe Hooper
2461,Jeff Burr
2462,Kim Henkel
2463,Jim Abrahams
2465,Wes Craven
2466,Glen Anthony Pitre
2468,Penny Marshall
2469,Francis Ford Coppola
2472,Jeff Kanew
2474,Martin Scorsese
2475,John Frankenheimer
2476,Clint Eastwood
2477,J. Lee Thompson
2479,John Cassavetes
2481,Ken Loach
2482,Brian Gibson
2486,Nancy Savoca
2490,Brian Helgeland
2494,Gus Van Sant
2496,Hugh Wilson
2497,Luis Mandoki
2501,Joe Johnston
2502,Mike Judge
2505,Joel Schumacher
2506,Garry Marshall
2507,Alan Rudolph
2509,Michael Davis
2511,Robert Altman
2514,Mary Lambert
2520,George Seaton
2521,Jack Smight
2522,Jerry Jameson
2523,James Goldstone
2525,Lewis Teague
2526,Ronald Neame
2528,Michael Anderson
2529,Franklin J. Schaffner
2530,Ted Post
2531,J. Lee Thompson
2532,J. Lee Thompson
2534,Corey Allen
2536,David Lowell Rich
2537,Irwin Allen
2540,James Foley
2541,Roger Kumble
2542,Guy Ritchie
2543,Adam Bernstein
2545,P. J. Castellaneta
2546,Ulu Grosbard
2547,"The Power of the Media, Part II"
2548,Katt Shea
2550,Robert Wise
2551,David Cronenberg
2554,"Anton ""Tony"" Leader"
2555,Bob Clark
2559,Richard Rich
2561,Clint Eastwood
2565,Walter Lang
2567,Ron Howard
2568,Scott Silver
2569,Sam Miller
2574,Sam Weisman
2580,Doug Liman
2581,Raja Gosnell
2583,Robert Altman
2584,Dave Meyers
2586,Roland JoffÃ©
2587,Ted Demme
2588,Mary Lambert
2589,Will Gluck
2590,Gillies Mackinnon
2594,Alejandro AmenÃ¡bar
2596,James Merendino
2597,Sofia Coppola
2598,Mike Newell
2599,Alexander Payne
2600,David Cronenberg
2606,Rodman Flender
2610,Tony Bui
2611,David Mamet
2612,Michael Curtiz
2613,Thom Eberhardt
2616,Warren Beatty
2617,Barry
2620,Feroz Abbas Khan
2624,Hirokazu Kore-eda
2627,Bud Greenspan
2629,Shunji Iwai
2631,Amos Poe
2633,Karl Freund
2634,Terence Fisher
2635,Leslie Goodwins
2636,Reginald Le Borg
2638,Harold Young
2640,Richard Donner
2641,Dick Lester
2642,Richard Lester
2643,Sidney Joseph Furie
2644,Tod Browning
2646,Erle C. Kenton
2648,James Whale
2649,Rowland V. Lee
2650,Erle C. Kenton
2651,Roy William Neill
2652,Terence Fisher
2653,Robert Siodmak
2654,George Waggner
2657,Jim Sharman
2658,Jules White
2659,Andrew Solt
2660,Christian Nyby
2661,Jack Arnold
2664,Philip Kaufman
2665,Fred F. Sears
2666,Roger Corman
2668,Wes Craven
2669,Lewis Milestone
2671,Roger Michell
2672,Josef Rusnak
2674,Mike Figgis biography and credits
2678,Morgan J. Freeman
2679,Tanya Wexler
2680,Yasujiro Ozu
2681,Robert Meyer Burnett
2682,John Sayles
2683,Jay Roach
2687,Chris Buck
2688,Simon West
2689,Andrew J. Kuehn
2690,Oliver Parker
2691,Giuseppe Tornatore
2692,Tom Tykwer
2694,Dennis Dugan
2695,John Singleton
2701,Barry Sonnenfeld
2702,Spike Lee
2703,Scott Ziehl
2704,Leos Carax
2706,Paul Weitz
2707,Mark Pellington
2709,Tim Hill
2711,Hugh Hudson
2713,Steve Miner
2714,Rick Famuyiwa
2715,Dan Ireland
2716,(OC)
2717,(OC)
2718,Michael Patrick Jann
2719,Jan de Bont
2723,Kinka Usher
2724,Garry Marshall
2732,FranÃ§ois Truffaut
2733,Ken Kwapis
2734,(AM)
2735,Michael Ritchie
2737,Peter R. Hunt
2738,Bruce Beresford
2739,Steven Spielberg
2740,Raoul Walsh
2744,Franco Zeffirelli
2745,Roland JoffÃ©
2749,Sidney Lumet
2750,Woody Allen
2751,Bob Clark
2752,Arthur Hiller
2755,Paul Schrader
2758,Fred Schepisi
2759,Andrew Fleming
2761,Brad Bird
2762,M. Night Shyamalan
2763,John McTiernan
2765,Paul McGuigan
2766,Tod Williams
2767,John Turturro
2768,Gary Sinyor
2769,James Gray
2770,Frank Oz
2771,Jonathan Kaplan
2772,Adam Rifkin
2774,Anne Wheeler
2775,Hayao Miyazaki
2777,George P. Cosmatos
2780,Roger Corman
2781,William Castle
2782,Roger Corman
2783,Roger Corman
2785,Roger Corman
2786,Gene Wilder
2787,Lewis Teague
2788,Terry Gilliam
2789,Mike Hodges
2791,David Zucker
2792,Ken Finkleman
2793,Anthony Waller
2794,Amy Heckerling
2795,Barry Sonnenfeld
2796,George Roy Hill
2798,Dennis Dugan
2799,Brian Levant
2802,Robert Towne
2803,Alan J. Pakula
2804,Bob Clark
2805,Kelly Makin
2806,Kevin Williamson
2808,Roland Emmerich
2809,Jeff Franklin
2810,ä»Šæ•
2813,Duncan Jones
2814,Christopher Nolan
2815,Sidney Joseph Furie
2816,Sidney Joseph Furie
2817,John Glen
2818,Sidney Joseph Furie
2820,Grigori Kozintsev
2821,Cecil B. DeMille
2824,Mark Noyce
2825,P. Narayankutty Menon
2826,John McTiernan
2828,Hugh Wilson
2831,Kevin Brodie
2833,Claude Berri
2834,Delmer Daves
2835,Hugh Johnson
2836,Michael Corrente
2837,Rose Troche
2841,David Koepp
2844,Hampton Fancher
2847,Howard Hawks
2849,Steve Rash
2852,Norman Jewison
2855,John D. Lamond
2856,Fred Walton
2857,George Dunning
2859,Jonathan Demme
2862,Tinto Brass
2863,Dick Lester
2864,Gregg Araki
2865,Allison Anders
2866,Steve Rash
2870,Gene Saks
2872,John Boorman
2873,Paul Auster
2874,Stanley Donen
2876,Gary Goldman
2883,Lawrence Kasdan
2884,Bruce McCulloch
2886,Gary Halvorson
2887,Kevin Alyn Elders
2888,John Schultz
2889,Jay Roach
2890,David O. Russell
2891,Mark Illsley
2892,Abel Ferrara
2893,Jake Scott
2894,Catherine Breillat
2895,Bernard McEveety
2896,Edward Dmytryk
2898,George A. Romero
2901,Don Coscarelli
2902,Richard Franklin
2903,Anthony Perkins
2904,Lewis Milestone
2905,Akira Kurosawa
2907,Bruce McCulloch
2908,Kimberly Peirce
2912,Steven Soderbergh
2915,Paul Brickman
2916,Len Wiseman
2917,Lawrence Kasdan
2918,John Hughes
2919,(AM)
2920,Marcel CarnÃ©
2921,Clint Eastwood
2922,Ted Post
2926,John Waters
2927,Alan Bridges
2928,John Byrum
2929,Warren Beatty
2932,Terrence Malick
2935,Preston Sturges
2936,Preston Sturges
2937,Preston Sturges
2938,Eliseo Subiela
2940,Mike Nichols
2942,Adrian Lyne
2943,RÃ©gis Wargnier
2944,Andrew V. McLaglen
2945,James Bridges
2946,Richard Lester
2947,Guy Hamilton
2948,Terence Young
2949,Terence Young
2950,Mikael Salomon
2951,Sergio Leone
2953,Chris Columbus
2956,Ridley Scott
2957,William Beaudine
2959,David Fincher
2960,Thom Fitzgerald
2963,Frank Whaley
2964,Harmony Korine
2966,David Lynch
2967,Paul Wendkos
2968,Terry Gilliam
2970,Werner Herzog
2971,Bob Fosse
2973,Woody Allen
2976,Martin Scorsese
2977,Antonio Banderas
2978,Damon Santostefano
2982,William Friedkin
2983,Sidney Joseph Furie
2984,Bruce Brown
2985,Paul Verhoeven
2986,Irvin Kershner
2987,Robert Zemeckis
2988,Jonathan Demme
2989,John Glen
2990,John Glen
2991,Guy Hamilton
2992,George Pavlou
2993,Terence Young
2994,Robert Rodriguez
2996,Wes Craven
2997,Spike Jonze
3001,Donal Lardner Ward
3003,Radu MihÄƒileanu
3005,Phillip Noyce
3006,Michael Mann
3008,Don McKellar
3012,Buster Keaton
3013,Brian Yuzna
3014,Oz Scott
3015,Michael Crichton
3016,George A. Romero
3018,Stuart Gordon
3019,Gus Van Sant
3020,Joel Schumacher
3021,Tobe Hooper
3022,Buster Keaton
3024,Joe Dante
3025,Arnold Laven
3028,Franco Zeffirelli
3031,Bob Logan
3032,Boris Sagal
3033,Mel Brooks
3034,Wolfgang Reitherman
3035,Joshua Logan
3036,Jean-Jacques Annaud
3037,Arthur Penn
3038,Elia Kazan
3040,(OC)
3041,Ken Wiederhorn
3042,George Mendeluk
3043,Bob Logan
3044,Kenneth Branagh
3045,Kenneth Branagh
3048,Steve Rash
3049,Dick Lester
3050,Craig Bolotin
3051,Wayne Wang
3052,Kevin Smith
3053,Luc Besson
3055,Atom Egoyan
3058,William Nigh
3061,Mark Sandrich
3062,Andrew Marton
3063,Katt Shea
3066,Kinji Fukasaku
3067,Pedro AlmodÃ³var
3069,Paul Newman
3071,RamÃ³n MenÃ©ndez
3072,Norman Jewison
3073,Vincente Minnelli
3078,Barry Levinson
3081,Tim Burton
3082,Michael Apted
3083,Pedro AlmodÃ³var
3087,Richard Donner
3090,John Sayles
3091,Akira Kurosawa
3093,Robert Altman
3094,James Ivory
3097,Ernst Lubitsch
3098,Barry Levinson
3099,Hal Ashby
3100,Robert Redford
3101,Adrian Lyne
3102,Richard Marquand
3103,Jon Ronson
3104,Martin Brest
3105,Penny Marshall
3106,Alan Parker
3107,Ron Howard
3108,Terry Gilliam
3109,Mark Rydell
3110,Shana Feste
3111,Robert Benton
3112,Tom Moore
3113,Peter Hyams
3114,John Lasseter
3115,Joel Schumacher
3117,Ang Lee
3120,Jonathan Lynn
3125,Neil Jordan
3126,Edward Dmytryk
3127,Dame Jane Campion
3129,Woody Allen
3130,Brian De Palma
3132,Alfred Santell
3133,Buster Keaton
3135,Lewis John Carlino
3137,Andrew V. McLaglen
3138,Steven Kampmann
3141,Jack Nicholson
3143,John Boorman
3144,Frank Tashlin
3146,Mike Mitchell
3148,Lasse HallstrÃ¶m
3150,Maggie Hadleigh-West
3151,Roland West
3152,Peter Bogdanovich
3155,Andy Tennant
3156,Chris Columbus
3157,Rob Minkoff
3159,GaÃ«tan Brizzi
3160,Paul Thomas Anderson
3161,Martha Fiennes
3162,Matthew Warchus
3163,Mike Leigh
3164,Rod Daniel
3168,Dennis Hopper
3169,John Schlesinger
3173,Oliver Stone
3174,MiloÅ¡ Forman
3175,Dean Parisot
3176,Anthony Minghella
3177,Steve Carr
3178,Norman Jewison
3179,Alan Parker
3180,Ron Shelton
3181,Julie Taymor
3183,Agnieszka Holland
3185,Scott Hicks
3186,James Mangold
3189,Jay Russell
3190,Jack Sholder
3196,Billy Wilder
3197,Peter Hyams
3199,George Sidney
3203,Phillip Noyce
3204,Franklin J. Schaffner
3210,Amy Heckerling
3211,Fred Schepisi
3214,John Badham
3215,Stuart Rosenberg
3218,Todd Haynes
3219,John Schlesinger
3221,Peter Greenaway
3222,Francesco Rosi
3223,Peter Greenaway biography and credits
3229,Irving Rapper
3230,Ronald Neame
3231,Herbert BlachÃ©
3232,Buster Keaton
3236,George Englund
3238,Stephan Elliott
3239,Andrew Bergman
3240,Kevin Allen
3243,Les Mayfield
3244,Herbert Ross
3246,Spike Lee
3247,Emile Ardolino
3248,Bill Duke
3249,Phillips Smalley
3251,Norman Jewison
3252,Martin Brest
3253,Penelope Spheeris
3255,Penny Marshall
3256,Phillip Noyce
3257,Siddique
3258,Robert Zemeckis
3259,Ron Howard
3260,James Ivory
3261,Cameron Crowe
3262,David Lynch
3263,Ron Shelton
3264,Fran Rubel Kuzui
3265,John Woo
3267,Robert Rodriguez
3268,Roger Spottiswoode
3269,Steve Miner
3271,Gary Sinise
3272,Abel Ferrara
3273,Wes Craven
3274,Barbet Schroeder
3275,Troy Duffy
3279,Anne Wheeler
3283,John Cassavetes
3284,Anthony Harvey
3285,Danny Boyle
3286,Chris Koch
3287,Jun Falkenstein
3288,Ismail Merchant
3293,Lynn Hershman Leeson
3294,Umberto Lenzi
3295,Ken Loach
3296,Peter Bogdanovich
3299,Diane Keaton
3300,David Twohy
3301,Jonathan Lynn
3302,Jasmin Dizdar
3304,Paul Schrader
3306,Edward Buzzell
3307,Charlie Chaplin
3308,Garry Marshall
3310,Charlie Chaplin
3311,Anthony Mann
3315,H. Bruce Humberstone
3316,John Frankenheimer
3317,Curtis Hanson
3318,Rod Lurie
3319,Eric Mendelsohn
3322,DJ Pooh
3324,Nicholas Gomez
3325,John Schlesinger
3326,Mike Nichols
3328,Jim Jarmusch
3329,John Duigan
3330,Richard C. Sarafian
3331,George Bowers
3334,John Huston
3336,Kevin Brownlow
3337,Michael Winner
3339,Sam Peckinpah
3340,Ed Wood
3341,George Cukor
3342,Alan Parker
3343,Roger Vadim
3344,RenÃ© Cardona Jr.
3347,Carroll Ballard
3348,Rupert Hitzig
3350,Daniel Petrie
3354,Brian De Palma
3357,RÃ©gis Wargnier
3358,Albert Brooks
3359,Peter Yates
3361,Ron Shelton
3362,Sidney Lumet
3363,George Lucas
3364,John Huston
3365,Alex Cox
3368,William Wyler
3370,Costa-Gavras
3372,John Guillermin
3373,Sidney Poitier
3374,Julie Dash
3375,Irving Pichel
3377,Fritz Lang
3379,Stanley Kramer
3380,Anthony Mann
3384,Joseph Sargent
3386,Oliver Stone
3388,William Dear
3391,James Foley
3393,Tom McLoughlin
3394,Blake Edwards
3395,Robert Benton
3396,James Frawley
3397,Jim Henson
3398,Frank Oz
3400,Ralph Zondag
3401,Bill L. Norton
3402,John Irvin
3403,Jerry Jameson
3404,Jean Negulesco
3405,Roy Ward Baker
3408,Steven Soderbergh
3409,David R. Ellis
3414,Henry King
3417,Robert Siodmak
3419,Hal Prince
3421,John Landis
3422,Spike Lee
3424,Spike Lee
3425,Spike Lee
3426,Spike Lee
3427,Donald Siegel
3428,Franco Zeffirelli
3431,Michael Winner
3432,Michael Winner
3433,J. Lee Thompson
3434,Allan A. Goldstein
3436,Joel Schumacher
3438,Steve Barron
3439,Michael Pressman
3440,Stuart Gillard
3441,Dan Bradley
3442,Paul Michael Glaser
3443,Renny Harlin
3445,Irvin Kershner
3446,Peter Chelsom
3447,Sidney Franklin
3448,Barry Levinson
3449,Leonard Nimoy
3451,Stanley Kramer
3452,Andrzej Bartkowiak
3453,Mark Piznarski
3457,Keith Gordon
3460,Jean Yarbrough
3462,Charlie Chaplin
3463,Zane Buzby
3464,Richard C. Sarafian
3465,Blake Edwards
3466,Ron Underwood
3467,Vibeke LÃ¸kkeberg
3468,Robert Rossen
3469,Stanley Kramer
3470,Akira Kurosawa
3471,Steven Spielberg
3473,Alain Tanner
3475,George Stevens
3477,Allan Moyle
3478,Luis Valdez
3480,David Seltzer
3481,Stephen Frears
3483,Bibo Bergeron
3484,Rob Cohen
3487,Howard Hawks
3488,Robert Clarke
3489,Steven Spielberg
3490,Eugenio MartÃ­n
3491,David Beaird
3492,George Fitzmaurice
3494,Henry Hathaway
3496,John Schlesinger
3497,Herbert Ross
3499,Robert Reiner
3500,Billy Crystal
3501,Martin Ritt
3502,Jean-Luc Godard
3505,Roger Donaldson
3506,Ted Kotcheff
3508,Clint Eastwood
3509,James Toback
3510,Gregory Hoblit
3511,Brian Robbins
3512,Bonnie Hunt
3513,William Friedkin
3514,Stanley Tucci
3515,Pip Karmel
3516,Richard Quine
3518,Wim Wenders
3519,Guy Hamilton
3520,William Asher
3524,Steve Gordon
3525,Neal Israel
3526,Ron Howard
3527,John McTiernan
3528,Barbra Streisand
3530,Alain Resnais
3531,Jon Jost
3534,Betty Thomas
3535,Mary Harron
3536,Edward Norton
3537,Marek Kanievska
3539,Julien Temple
3543,Barry Levinson
3544,Bobcat Goldthwait
3545,Bob Fosse
3547,Stephen Frears
3549,Joseph L. Mankiewicz
3550,Gary Ross
3551,John Schlesinger
3552,Allan Arkush
3553,Davis Guggenheim
3555,Jonathan Mostow
3556,Sofia Coppola
3557,Bruce Robinson
3563,Bharat Nalluri
3564,Brian Levant
3565,Matt Williams
3567,Bruno Barreto
3572,Adam Simon
3576,Jack Sholder
3578,Ridley Scott
3579,Hugh Hudson
3584,Jim McBride
3585,Francis D. Lyon
3586,Taylor Hackford
3587,Dario Argento
3588,Bob Rafelson
3589,Mario Bava
3590,Martin Davidson
3593,Roger Christian
3595,Steve Rash
3596,Larry Karaszewski
3598,Michael Almereyda
3600,Norman Taurog
3601,Vincent McEveety
3602,Norman Taurog
3603,Bruce Kessler
3604,Mervyn LeRoy
3605,Michael Curtiz
3606,George Roy Hill
3608,Tim Burton
3610,John Rich
3611,Norm Ferguson
3612,Bryan Forbes
3614,Andrew Bergman
3615,Ralph Zondag
3616,Amy Heckerling
3617,Todd Phillips
3618,Woody Allen
3619,Floyd Mutrux
3621,Andrzej Å»uÅ‚awski
3622,Mel Brooks
3624,Tom Dey
3625,Jon Reiss
3628,David Miller
3632,Charlie Chaplin
3633,Peter R. Hunt
3634,John Frankenheimer
3635,Lewis Gilbert
3636,Patrice ChÃ©reau
3638,Lewis Gilbert
3639,Guy Hamilton
3641,Charlie Chaplin
3643,Edward Ludwig
3644,Raoul Walsh
3646,John Whitesell
3647,Ð¡ÐµÑ€Ð³ÐµÐ¹ Ð‘Ð¾Ð´Ñ€Ð¾Ð²
3648,Val Guest
3649,Paul Schrader
3653,Bruce Brown
3654,J. Lee Thompson
3656,Douglas Sirk
3657,Albert Lewin
3658,Roy Ward Baker
3660,David Schmoeller
3661,David W. Allen
3662,David DeCoteau
3663,Jeff Burr
3664,Jeff Burr
3665,David DeCoteau
3668,Franco Zeffirelli
3669,Peter Hyams
3671,Mel Brooks
3675,Michael Curtiz
3676,David Lynch
3678,Otto Preminger
3680,Penelope Spheeris
3681,Sergio Leone
3682,Ted Post
3683,Joel and Ethan Coen
3684,Steve Kloves
3685,John Huston
3686,Joel Schumacher
3687,Alain Tanner
3688,Bob Clark
3689,Bob Clark
3690,James Komack
3691,Noel Black
3692,Michael Herz
3693,Michael Herz
3694,Lloyd Kaufman
3695,Lloyd Kaufman
3696,Fred Dekker
3698,Carol Reed
3701,Graham Baker
3702,George Miller
3704,George Ogilvie
3705,John Badham
3706,Alan Parker
3708,Mark L. Lester
3709,Mick Garris
3710,Craig R. Baxley
3711,Darrell Roodt
3714,Robert Patrick Mulligan
3715,Hugh Wilson
3716,Tom Holland
3717,Dominic Sena
3720,IstvÃ¡n SzabÃ³
3721,Alan Rudolph
3723,Franco Zeffirelli
3724,Hal Ashby
3725,Ralph Bakshi
3728,Carl Franklin
3729,Gordon Parks
3731,Ivan Passer
3733,James Bridges
3734,Sidney Lumet
3735,Sidney Lumet
3737,David Miller
3738,Steven Spielberg
3741,Terrence Malick
3744,John Singleton
3745,Gary Goldman
3748,Woody Allen
3751,Nick Park
3753,Roland Emmerich
3755,Wolfgang Petersen
3756,James Ivory
3759,Jack Kinney
3760,John Landis
3763,Robert Mandel
3765,Dennis Hopper
3766,Joseph Zito
3768,Aaron Norris
3769,Michael Cimino
3771,Gordon Hessler
3773,Reginald Hudlin
3774,Doug McHenry
3775,Hamilton Luske
3776,Jack Kinney
3778,King Wallis Vidor
3781,John Guillermin
3783,Mike Hodges
3784,George Miller
3786,Jamie Babbit
3788,Michelangelo Antonioni
3789,Sidney Lumet
3791,Herbert Ross
3792,King Wallis Vidor
3793,Bryan Singer
3795,Hur Jin-ho
3798,Robert Zemeckis
3801,Otto Preminger
3802,Geoff Murphy
3803,Robert Downey Sr.
3806,J. Lee Thompson
3807,Sam Wanamaker
3808,Vittorio De Sica
3809,Frank Oz
3810,Roger Donaldson
3811,Bruce Beresford
3813,Woody Allen
3814,Woody Allen
3819,Juzo Itami
3820,Britt Allcroft
3823,Michael Winterbottom
3824,Joan Chen
3825,David McNally
3826,Claudio FÃ¤h
3827,Clint Eastwood
3828,Max Mayer
3831,Nigel Cole
3835,John McKay
3836,Brian G. Hutton
3837,Don Coscarelli
3838,Don Coscarelli
3839,Don Coscarelli
3840,Stan Winston
3841,Roger Spottiswoode
3844,Herbert Ross
3845,Roger Vadim
3846,James Signorelli
3848,Bruce Beresford
3849,Robert Siodmak
3853,Gary Winick
3858,John Waters
3861,Howard Deutch
3862,Gerry Stembridge
3863,Feng Xiaogang
3865,Spike Lee
3868,David Zucker
3871,George Stevens
3872,Joseph L. Mankiewicz
3873,Elliot Silverstein
3874,Chantal Akerman
3875,Terence Fisher
3876,Saul Rubinek
3878,Joseph Losey
3879,Christian Duguay
3881,Todd Phillips
3882,Peyton Reed
3883,Chi Muoi Lo
3887,Richard Schenkman
3888,Tamra Davis
3890,Robert F. McGowan
3893,Neil LaBute
3895,Noboru Tanaka
3896,Christopher McQuarrie
3897,Cameron Crowe
3898,Antoine Fuqua
3900,Rob Schmidt
3901,Bruce Paltrow
3908,John Ottman
3909,Fina Torres
3910,Lars von Trier
3911,The Lord Haden-Guest
3912,Ron Howard
3913,Jason Priestley
3915,Karyn Kusama
3916,Boaz Yakin
3919,Anthony Hickox
3920,Wim Wenders
3921,William Asher
3922,William Asher
3923,Edward Bernds
3924,Don Weis
3925,Jim Jarmusch
3926,Irwin Allen
3927,Richard Fleischer
3928,Charles Barton
3930,Jack Arnold
3934,Kurt Neumann
3936,Arthur Lubin
3937,Kanye West
3938,Amy Holden Jones
3942,Jim Wynorski
3943,Spike Lee
3947,Mike Hodges
3948,Greg Glienna
3949,Darren Aronofsky
3950,Joel Schumacher
3951,Raymond De Felitta
