MovieId,genre
2,Adventure
2,Children
2,Fantasy
3,Comedy
3,Romance
4,Comedy
4,Drama
4,Romance
5,Comedy
6,Action
6,Crime
6,Thriller
10,Action
10,Adventure
10,Thriller
11,Comedy
11,Drama
11,Romance
12,Comedy
12,Horror
14,Drama
15,Action
15,Adventure
15,Romance
17,Drama
17,Romance
18,Comedy
19,Comedy
21,Comedy
21,Crime
21,Thriller
23,Action
23,Crime
23,Thriller
25,Drama
25,Romance
26,Drama
28,Drama
28,Romance
29,Adventure
29,Drama
29,Fantasy
29,Mystery
29,Sci-Fi
30,Crime
30,Drama
31,Drama
32,Mystery
32,Sci-Fi
32,Thriller
33,Adventure
33,Romance
33,IMAX
35,Drama
35,Romance
38,Children
38,Comedy
40,Drama
41,Drama
41,War
42,Action
42,Crime
42,Drama
46,Drama
46,Romance
48,Animation
48,Children
48,Drama
48,Musical
48,Romance
49,Drama
49,Romance
50,Crime
50,Mystery
50,Thriller
52,Comedy
52,Drama
52,Romance
53,Adventure
53,Drama
54,Children
54,Comedy
55,Drama
60,Adventure
60,Children
60,Fantasy
61,Drama
61,Thriller
62,Drama
63,Comedy
63,Crime
64,Comedy
64,Romance
65,Comedy
66,Action
66,Sci-Fi
66,Thriller
67,Drama
68,Comedy
68,Romance
69,Comedy
70,Action
70,Comedy
70,Horror
70,Thriller
72,Comedy
72,Drama
74,Drama
74,Romance
75,Comedy
75,Drama
76,Action
76,Sci-Fi
76,Thriller
79,Drama
79,Thriller
81,Crime
81,Drama
81,Romance
82,Comedy
82,Drama
84,Comedy
84,Drama
86,Action
86,Adventure
86,Drama
87,Children
87,Comedy
88,Comedy
89,Action
89,Thriller
90,Drama
92,Drama
92,Horror
92,Thriller
93,Comedy
93,Horror
93,Romance
94,Comedy
94,Drama
94,Romance
95,Action
95,Adventure
95,Thriller
96,Comedy
96,Drama
101,Adventure
101,Comedy
101,Crime
101,Romance
102,Comedy
104,Comedy
105,Drama
105,Romance
107,Adventure
107,Children
107,Comedy
107,Musical
110,Action
110,Drama
110,War
111,Crime
111,Drama
111,Thriller
113,Drama
113,Mystery
115,Comedy
116,Documentary
117,Crime
117,Drama
118,Comedy
118,Romance
119,Comedy
122,Comedy
122,Romance
125,Comedy
131,Drama
131,Romance
132,Thriller
135,Comedy
137,Documentary
138,Drama
141,Comedy
143,Drama
144,Comedy
146,Adventure
146,Children
147,Drama
148,Drama
150,Adventure
150,Drama
150,IMAX
153,Action
153,Adventure
153,Comedy
153,Crime
154,Drama
155,Adventure
155,Drama
155,War
156,Comedy
156,Drama
157,Comedy
157,War
158,Adventure
158,Children
159,Crime
159,Drama
159,Mystery
161,Drama
161,Thriller
161,War
162,Documentary
163,Action
163,Romance
163,Western
164,Crime
164,Film-Noir
164,Mystery
164,Thriller
165,Action
165,Crime
165,Thriller
166,Comedy
166,Crime
166,Drama
167,Drama
168,Action
168,Drama
168,Romance
170,Action
170,Adventure
170,Crime
170,Thriller
172,Action
172,Sci-Fi
172,Thriller
173,Action
173,Crime
173,Sci-Fi
174,Comedy
175,Drama
176,Comedy
177,Horror
178,Comedy
178,Drama
179,Drama
179,Romance
180,Comedy
180,Romance
181,Action
181,Children
182,Drama
182,Romance
183,Comedy
183,Horror
183,Thriller
184,Drama
186,Comedy
186,Romance
188,Fantasy
188,Horror
188,Mystery
189,Comedy
189,Fantasy
190,Thriller
191,Drama
191,Romance
193,Drama
194,Comedy
194,Drama
195,Comedy
195,Drama
195,Romance
196,Horror
196,Sci-Fi
197,Drama
198,Action
198,Crime
198,Drama
198,Mystery
198,Sci-Fi
198,Thriller
199,Drama
199,Musical
199,Romance
200,Thriller
201,Drama
201,Fantasy
202,Drama
202,Romance
203,Comedy
204,Action
205,Comedy
205,Drama
207,Drama
207,Romance
208,Action
208,Adventure
208,Sci-Fi
209,Drama
211,Drama
212,Adventure
212,Comedy
212,Crime
212,Mystery
213,Drama
215,Drama
215,Romance
216,Comedy
218,Comedy
218,Drama
219,Drama
220,Horror
222,Drama
222,Romance
223,Comedy
224,Comedy
224,Drama
224,Romance
227,Action
227,Thriller
230,Drama
230,Thriller
231,Adventure
231,Comedy
233,Drama
234,Comedy
235,Comedy
235,Drama
236,Action
236,Comedy
236,Romance
237,Comedy
237,Romance
238,Adventure
238,Children
239,Animation
239,Children
239,Comedy
239,Romance
242,Drama
242,Musical
244,Animation
244,Children
245,Crime
245,Drama
246,Documentary
247,Crime
247,Drama
248,Comedy
251,Action
252,Comedy
252,Romance
254,Drama
256,Comedy
256,Sci-Fi
257,Mystery
257,Thriller
258,Adventure
258,Children
258,Comedy
258,Fantasy
258,Romance
259,Crime
259,Drama
259,Thriller
260,Action
260,Adventure
260,Sci-Fi
261,Drama
263,Drama
265,Drama
265,Fantasy
265,Romance
267,Comedy
270,Drama
270,Romance
271,Drama
272,Comedy
272,Drama
273,Drama
273,Horror
273,Sci-Fi
274,Comedy
275,Comedy
276,Comedy
276,Romance
277,Drama
278,Comedy
281,Comedy
281,Drama
281,Romance
282,Drama
283,Crime
283,Drama
286,Action
286,Sci-Fi
286,Thriller
288,Action
288,Crime
288,Thriller
289,Comedy
289,Romance
291,Drama
291,Thriller
292,Action
292,Drama
292,Sci-Fi
292,Thriller
294,Comedy
294,Romance
295,Comedy
295,Romance
296,Comedy
296,Crime
296,Drama
296,Thriller
297,Drama
298,Drama
299,Drama
300,Drama
301,Drama
301,Romance
304,Comedy
304,Drama
309,Drama
310,Comedy
311,Horror
311,Thriller
313,Animation
313,Children
314,Children
314,Drama
314,Fantasy
314,Mystery
315,Action
315,Drama
315,Thriller
316,Action
316,Adventure
316,Sci-Fi
319,Comedy
319,Drama
319,Thriller
320,Film-Noir
320,Thriller
322,Comedy
322,Drama
324,Comedy
324,Drama
325,Comedy
326,Drama
327,Action
327,Comedy
327,Sci-Fi
329,Adventure
329,Drama
329,Sci-Fi
330,Action
330,Crime
330,Horror
334,Drama
336,Drama
336,War
337,Drama
338,Action
338,Sci-Fi
338,Thriller
340,Adventure
340,Drama
340,War
341,Drama
343,Children
344,Comedy
345,Comedy
345,Drama
346,Drama
346,Musical
348,Comedy
349,Action
349,Crime
349,Drama
349,Thriller
350,Drama
350,Mystery
350,Thriller
351,Comedy
351,Drama
351,Romance
352,Comedy
352,Drama
353,Action
353,Crime
353,Fantasy
353,Thriller
354,Drama
356,Comedy
356,Drama
356,Romance
356,War
357,Comedy
357,Romance
358,Drama
359,Comedy
359,Drama
359,Romance
365,Drama
366,Drama
366,Horror
366,Mystery
366,Thriller
368,Adventure
368,Comedy
368,Western
369,Drama
372,Comedy
372,Drama
372,Romance
373,Thriller
375,Drama
376,Action
376,Thriller
377,Action
377,Romance
377,Thriller
379,Action
379,Sci-Fi
379,Thriller
380,Action
380,Adventure
380,Comedy
380,Romance
380,Thriller
381,Drama
381,Romance
382,Drama
382,Horror
382,Romance
382,Thriller
383,Western
384,Action
384,Crime
384,Drama
385,Drama
386,Drama
390,Action
390,Crime
390,Drama
391,Crime
391,Drama
393,Action
393,Adventure
393,Fantasy
394,Comedy
396,Drama
398,Documentary
401,Action
401,Thriller
405,Action
405,Fantasy
408,Drama
409,Crime
409,Drama
410,Children
410,Comedy
410,Fantasy
411,Comedy
411,Documentary
412,Drama
413,Comedy
414,Comedy
415,Comedy
415,Thriller
417,Comedy
417,Romance
418,Drama
419,Comedy
420,Action
420,Comedy
420,Crime
420,Thriller
421,Adventure
421,Children
421,Drama
422,Thriller
424,Drama
426,Horror
426,Sci-Fi
426,Thriller
427,Drama
427,Mystery
427,Romance
427,Thriller
428,Drama
429,Comedy
431,Crime
431,Drama
432,Adventure
432,Comedy
432,Western
434,Action
434,Adventure
434,Thriller
435,Comedy
435,Sci-Fi
436,Drama
436,Thriller
438,Action
438,Comedy
438,Drama
440,Comedy
440,Romance
442,Action
442,Adventure
442,Sci-Fi
444,Comedy
444,Romance
445,Comedy
446,Drama
446,Romance
448,Drama
449,Comedy
450,Comedy
450,Drama
451,Drama
451,Mystery
451,Romance
452,Drama
453,Comedy
453,Romance
455,Adventure
455,Children
455,Drama
456,Crime
456,Drama
456,Thriller
457,Thriller
459,Action
459,Adventure
459,Crime
459,Drama
459,Romance
459,Thriller
460,Comedy
461,Drama
461,Romance
462,Action
462,Adventure
463,Crime
463,Drama
463,Thriller
464,Action
464,Adventure
464,Crime
464,Thriller
465,Action
465,Drama
465,War
466,Action
466,Comedy
466,War
469,Drama
469,Romance
471,Comedy
472,Comedy
472,Drama
474,Action
474,Thriller
477,Drama
477,Musical
478,Comedy
478,Crime
478,Drama
480,Action
480,Adventure
480,Sci-Fi
480,Thriller
481,Drama
481,Thriller
482,Crime
482,Drama
482,Thriller
483,Drama
484,Adventure
484,Children
485,Action
485,Adventure
485,Comedy
485,Fantasy
486,Comedy
487,Comedy
487,Western
488,Drama
488,Romance
491,Drama
492,Comedy
492,Mystery
493,Action
493,Crime
493,Drama
494,Action
494,Adventure
494,Thriller
495,Drama
497,Comedy
497,Romance
499,Comedy
499,Romance
500,Comedy
500,Drama
501,Drama
502,Action
502,Children
502,Romance
503,Drama
504,Action
504,Drama
504,Sci-Fi
505,Comedy
506,Drama
506,Fantasy
506,Romance
507,Crime
507,Drama
507,Thriller
508,Drama
509,Drama
509,Romance
510,Drama
511,Action
511,Drama
513,Comedy
513,Mystery
513,Romance
514,Comedy
515,Drama
515,Romance
516,Comedy
516,Drama
517,Action
517,Drama
517,Mystery
518,Comedy
519,Action
519,Crime
519,Drama
519,Sci-Fi
519,Thriller
520,Comedy
521,Crime
521,Thriller
522,Action
522,Drama
523,Drama
524,Drama
525,Drama
527,Drama
527,War
528,Comedy
528,Drama
529,Drama
530,Drama
531,Children
531,Drama
532,Comedy
532,Crime
532,Horror
533,Action
533,Adventure
533,Fantasy
533,Mystery
535,Drama
536,Drama
538,Drama
539,Comedy
539,Drama
539,Romance
540,Thriller
541,Action
541,Sci-Fi
541,Thriller
542,Comedy
542,Drama
542,Romance
543,Comedy
543,Romance
543,Thriller
544,Action
544,Crime
545,Drama
546,Action
546,Adventure
546,Children
546,Comedy
546,Fantasy
546,Sci-Fi
548,Action
548,Mystery
548,Thriller
549,Drama
549,Musical
551,Animation
551,Children
551,Fantasy
551,Musical
552,Action
552,Adventure
552,Comedy
552,Romance
554,Crime
554,Drama
554,Thriller
555,Crime
555,Thriller
558,Action
558,Adventure
558,Animation
558,Children
558,Fantasy
559,Comedy
562,Comedy
562,Drama
563,Drama
563,Romance
564,Comedy
565,Drama
565,Horror
566,Comedy
566,Romance
569,Comedy
569,Drama
574,Comedy
574,Drama
575,Children
575,Comedy
577,Adventure
577,Children
577,Drama
583,Comedy
583,Drama
585,Comedy
587,Comedy
587,Drama
587,Fantasy
587,Romance
587,Thriller
588,Adventure
588,Animation
588,Children
588,Comedy
588,Musical
589,Action
589,Sci-Fi
590,Adventure
590,Drama
590,Western
592,Action
592,Crime
592,Thriller
593,Crime
593,Horror
593,Thriller
594,Animation
594,Children
594,Drama
594,Fantasy
594,Musical
595,Animation
595,Children
595,Fantasy
595,Musical
595,Romance
595,IMAX
596,Animation
596,Children
596,Fantasy
596,Musical
597,Comedy
597,Romance
603,Comedy
606,Fantasy
606,Horror
609,Adventure
609,Children
610,Action
610,Adventure
610,Animation
610,Horror
610,Sci-Fi
611,Action
611,Horror
611,Sci-Fi
612,Comedy
613,Drama
613,Romance
614,Drama
614,Thriller
615,Comedy
615,Drama
616,Animation
616,Children
618,Comedy
618,Romance
621,Drama
626,Comedy
627,Drama
627,Thriller
628,Crime
628,Drama
628,Mystery
628,Thriller
629,Drama
630,Drama
630,Romance
633,Comedy
636,Drama
637,Comedy
638,Romance
639,Comedy
639,Drama
640,Drama
640,Thriller
645,Drama
648,Action
648,Adventure
648,Mystery
648,Thriller
653,Action
653,Adventure
653,Fantasy
656,Comedy
657,Comedy
657,Drama
659,Crime
659,Drama
659,Thriller
660,Drama
661,Adventure
661,Animation
661,Children
661,Fantasy
661,Musical
662,Thriller
663,Comedy
665,Comedy
665,Drama
665,War
666,Drama
666,Romance
666,War
668,Drama
673,Adventure
673,Animation
673,Children
673,Comedy
673,Fantasy
673,Sci-Fi
674,Adventure
674,Comedy
674,Sci-Fi
679,Drama
680,Drama
680,Mystery
680,Romance
680,Sci-Fi
680,Thriller
684,Drama
685,Drama
687,Drama
687,Romance
688,Action
688,Adventure
688,Comedy
688,War
691,Comedy
691,Romance
692,Action
692,Sci-Fi
692,Thriller
694,Action
694,Crime
694,Drama
696,Drama
696,Thriller
697,Drama
697,Romance
698,Drama
700,Comedy
701,Drama
704,Action
704,Adventure
706,Drama
708,Comedy
708,Romance
714,Drama
714,Mystery
714,Western
716,Crime
718,Comedy
718,Fantasy
718,Sci-Fi
720,Adventure
720,Animation
720,Comedy
724,Drama
724,Fantasy
724,Horror
724,Thriller
725,Comedy
728,Comedy
730,Drama
731,Crime
731,Thriller
732,Crime
736,Action
736,Adventure
736,Romance
736,Thriller
742,Horror
742,Thriller
743,Comedy
745,Animation
745,Children
745,Comedy
746,Film-Noir
747,Comedy
749,Drama
752,Comedy
752,Documentary
752,Romance
753,Comedy
753,Drama
753,Romance
760,Drama
760,War
761,Action
761,Adventure
762,Comedy
762,Crime
764,Drama
764,Romance
766,Drama
767,Comedy
767,Drama
777,War
778,Comedy
778,Crime
778,Drama
779,Drama
779,Romance
781,Drama
782,Drama
782,Thriller
783,Animation
783,Children
783,Drama
783,Musical
783,Romance
786,Action
786,Drama
786,Thriller
788,Comedy
788,Fantasy
788,Romance
788,Sci-Fi
790,Drama
799,Comedy
799,Horror
799,Thriller
800,Drama
800,Mystery
800,Western
802,Drama
802,Romance
803,Comedy
803,Drama
803,Romance
805,Drama
805,Thriller
806,Crime
806,Drama
809,Action
809,Adventure
810,Children
810,Comedy
810,Fantasy
813,Comedy
816,Drama
818,Comedy
822,Drama
822,Romance
822,War
823,Drama
824,Drama
824,Mystery
828,Adventure
828,Children
830,Comedy
831,Drama
832,Crime
832,Thriller
834,Comedy
837,Children
837,Comedy
837,Fantasy
841,Horror
842,Comedy
842,Horror
846,Drama
848,Drama
851,Drama
852,Comedy
852,Drama
852,Romance
853,Drama
864,Comedy
864,Drama
865,Drama
869,Crime
869,Drama
869,Musical
869,Thriller
870,Comedy
872,Drama
873,Drama
875,Action
875,Crime
875,Drama
877,Comedy
877,Drama
878,Drama
879,Horror
879,Thriller
880,Sci-Fi
880,Thriller
882,Drama
882,Thriller
885,Children
885,Drama
885,Fantasy
891,Horror
891,Thriller
893,Drama
895,Drama
896,Drama
897,Adventure
897,Drama
897,Romance
897,War
898,Comedy
898,Drama
898,Romance
899,Comedy
899,Musical
899,Romance
900,Musical
900,Romance
901,Comedy
901,Musical
902,Drama
902,Romance
903,Drama
903,Mystery
903,Romance
903,Thriller
905,Comedy
905,Romance
907,Comedy
907,Musical
907,Romance
908,Action
908,Adventure
908,Mystery
908,Romance
908,Thriller
909,Comedy
909,Drama
909,Romance
910,Comedy
910,Crime
912,Drama
912,Romance
913,Film-Noir
913,Mystery
914,Comedy
914,Drama
914,Musical
914,Romance
915,Comedy
915,Romance
918,Musical
920,Drama
920,Romance
920,War
921,Comedy
923,Drama
923,Mystery
925,Adventure
925,Romance
925,War
926,Drama
928,Drama
928,Mystery
928,Romance
928,Thriller
929,Drama
929,Film-Noir
929,Mystery
929,Thriller
930,Film-Noir
930,Romance
930,Thriller
931,Mystery
931,Romance
931,Thriller
932,Drama
932,Romance
933,Crime
933,Mystery
933,Romance
933,Thriller
934,Comedy
936,Comedy
936,Romance
937,Comedy
937,Romance
939,Comedy
939,Drama
942,Crime
942,Film-Noir
942,Mystery
943,Drama
943,Fantasy
943,Romance
944,Drama
945,Comedy
945,Musical
945,Romance
948,Drama
948,Romance
948,Western
949,Drama
950,Comedy
950,Crime
952,Adventure
952,Comedy
953,Children
953,Drama
953,Fantasy
953,Romance
954,Drama
957,Drama
968,Horror
968,Sci-Fi
968,Thriller
969,Adventure
969,Comedy
969,Romance
969,War
980,Action
981,Drama
982,Drama
984,Comedy
984,Drama
986,Adventure
986,Children
987,Drama
987,Romance
988,Comedy
988,Drama
989,Drama
990,Action
990,Adventure
990,Thriller
991,Drama
992,Thriller
993,Drama
997,Drama
997,Thriller
999,Crime
999,Film-Noir
1003,Drama
1003,Thriller
1004,Action
1004,Thriller
1007,Children
1007,Comedy
1007,Western
1008,Adventure
1008,Western
1009,Adventure
1009,Children
1009,Fantasy
1010,Children
1010,Comedy
1011,Children
1011,Comedy
1011,Fantasy
1011,Romance
1012,Children
1012,Drama
1013,Children
1013,Comedy
1013,Romance
1015,Adventure
1015,Children
1015,Drama
1016,Children
1016,Comedy
1017,Adventure
1017,Children
1018,Children
1018,Comedy
1018,Mystery
1020,Comedy
1021,Children
1021,Comedy
1022,Animation
1022,Children
1022,Fantasy
1022,Musical
1022,Romance
1023,Animation
1023,Children
1023,Musical
1024,Animation
1024,Children
1024,Musical
1026,Children
1026,Drama
1027,Adventure
1027,Drama
1028,Children
1028,Comedy
1028,Fantasy
1028,Musical
1029,Animation
1029,Children
1029,Drama
1029,Musical
1031,Adventure
1031,Children
1031,Musical
1032,Adventure
1032,Animation
1032,Children
1032,Fantasy
1032,Musical
1034,Comedy
1034,Crime
1034,Drama
1034,Thriller
1035,Musical
1035,Romance
1036,Action
1036,Crime
1036,Thriller
1037,Action
1037,Horror
1037,Sci-Fi
1037,Thriller
1038,Drama
1041,Drama
1042,Comedy
1042,Drama
1043,Drama
1043,Romance
1044,Drama
1045,Comedy
1045,Drama
1047,Action
1047,Drama
1047,Thriller
1050,Documentary
1050,Drama
1051,Drama
1052,Drama
1053,Crime
1053,Drama
1053,Romance
1054,Drama
1055,Thriller
1056,Drama
1057,Comedy
1057,Musical
1057,Romance
1060,Comedy
1060,Drama
1062,Drama
1063,Drama
1064,Animation
1064,Children
1064,Comedy
1064,Fantasy
1064,Musical
1064,Romance
1065,Mystery
1066,Comedy
1066,Musical
1066,Romance
1068,Crime
1068,Film-Noir
1069,Crime
1069,Film-Noir
1069,Thriller
1070,Adventure
1071,Romance
1071,War
1076,Drama
1076,Horror
1076,Thriller
1078,Comedy
1078,War
1080,Comedy
1081,Comedy
1081,Musical
1081,Romance
1082,Drama
1083,Comedy
1083,Musical
1084,Crime
1084,Drama
1085,Adventure
1085,Drama
1086,Crime
1086,Mystery
1086,Thriller
1088,Drama
1088,Musical
1088,Romance
1089,Crime
1089,Mystery
1089,Thriller
1090,Drama
1090,War
1092,Crime
1092,Mystery
1092,Thriller
1093,Drama
1094,Drama
1094,Romance
1094,Thriller
1095,Drama
1096,Drama
1097,Children
1097,Drama
1097,Sci-Fi
1099,Children
1099,Drama
1099,Fantasy
1100,Action
1100,Drama
1100,Romance
1101,Action
1101,Romance
1103,Drama
1104,Drama
1112,Action
1112,Comedy
1112,Drama
1114,Crime
1114,Drama
1115,Drama
1119,Drama
1120,Comedy
1120,Drama
1124,Drama
1125,Comedy
1125,Crime
1126,Comedy
1126,Fantasy
1127,Action
1127,Adventure
1127,Sci-Fi
1127,Thriller
1131,Drama
1131,Mystery
1132,Drama
1137,Romance
1143,Comedy
1148,Animation
1148,Children
1148,Comedy
1148,Crime
1151,Animation
1151,Comedy
1151,Drama
1151,Fantasy
1153,Film-Noir
1160,Comedy
1164,Drama
1167,Comedy
1168,Action
1168,Adventure
1168,Horror
1170,Action
1172,Drama
1173,Comedy
1173,Drama
1179,Crime
1179,Drama
1179,Film-Noir
1183,Drama
1183,Romance
1183,War
1185,Drama
1186,Drama
1187,Drama
1188,Comedy
1188,Romance
1190,Crime
1190,Drama
1190,Romance
1191,Documentary
1191,Musical
1192,Documentary
1193,Drama
1194,Comedy
1196,Action
1196,Adventure
1196,Sci-Fi
1197,Action
1197,Adventure
1197,Comedy
1197,Fantasy
1197,Romance
1198,Action
1198,Adventure
1199,Fantasy
1199,Sci-Fi
1200,Action
1200,Adventure
1200,Horror
1200,Sci-Fi
1201,Action
1201,Adventure
1201,Western
1203,Drama
1204,Adventure
1204,Drama
1204,War
1207,Drama
1208,Action
1208,Drama
1208,War
1209,Action
1209,Drama
1209,Western
1210,Action
1210,Adventure
1210,Sci-Fi
1212,Film-Noir
1212,Mystery
1212,Thriller
1213,Crime
1213,Drama
1214,Horror
1214,Sci-Fi
1217,Drama
1217,War
1219,Crime
1219,Horror
1220,Action
1220,Comedy
1220,Musical
1221,Crime
1221,Drama
1224,Action
1224,Drama
1224,Romance
1224,War
1225,Drama
1226,Drama
1226,Romance
1227,Crime
1227,Drama
1228,Drama
1230,Comedy
1230,Romance
1231,Drama
1232,Drama
1232,Mystery
1232,Sci-Fi
1235,Comedy
1235,Drama
1235,Romance
1236,Comedy
1236,Drama
1236,Romance
1241,Comedy
1241,Fantasy
1241,Horror
1245,Crime
1245,Drama
1245,Film-Noir
1245,Thriller
1246,Drama
1248,Crime
1248,Film-Noir
1248,Thriller
1250,Adventure
1250,Drama
1250,War
1255,Comedy
1255,Horror
1255,Sci-Fi
1256,Comedy
1256,Musical
1256,War
1257,Comedy
1257,Romance
1258,Horror
1259,Adventure
1259,Drama
1264,Action
1264,Drama
1264,Mystery
1264,Romance
1264,Thriller
1266,Drama
1266,Western
1267,Crime
1267,Thriller
1267,War
1268,Comedy
1268,Drama
1269,Comedy
1269,Mystery
1269,Thriller
1270,Adventure
1270,Comedy
1270,Sci-Fi
1272,Drama
1272,War
1273,Comedy
1273,Drama
1273,Film-Noir
1275,Action
1275,Adventure
1275,Fantasy
1276,Drama
1278,Comedy
1278,Fantasy
1279,Comedy
1279,Drama
1280,Drama
1281,Comedy
1281,Drama
1281,War
1283,Drama
1283,Western
1284,Crime
1284,Film-Noir
1284,Mystery
1285,Comedy
1288,Comedy
1290,Drama
1290,Romance
1291,Action
1291,Adventure
1292,Comedy
1292,Drama
1293,Drama
1295,Drama
1297,Comedy
1299,Drama
1299,War
1300,Comedy
1300,Drama
1301,Drama
1301,Sci-Fi
1302,Children
1302,Drama
1302,Fantasy
1303,Adventure
1303,Drama
1304,Action
1304,Western
1305,Drama
1305,Romance
1306,Adventure
1306,Drama
1306,Sci-Fi
1307,Comedy
1307,Romance
1313,Crime
1317,Comedy
1321,Comedy
1321,Horror
1321,Thriller
1323,Horror
1326,Horror
1327,Drama
1327,Horror
1327,Mystery
1327,Thriller
1329,Horror
1330,Horror
1331,Horror
1332,Horror
1332,Thriller
1333,Horror
1333,Thriller
1334,Horror
1334,Sci-Fi
1335,Horror
1335,Mystery
1336,Horror
1336,Thriller
1337,Drama
1337,Horror
1337,Thriller
1340,Drama
1340,Horror
1340,Sci-Fi
1341,Horror
1343,Thriller
1344,Crime
1344,Drama
1344,Thriller
1345,Drama
1345,Fantasy
1345,Horror
1345,Thriller
1346,Drama
1346,Fantasy
1346,Horror
1347,Horror
1347,Thriller
1348,Horror
1350,Horror
1350,Mystery
1350,Thriller
1352,Crime
1352,Thriller
1353,Comedy
1353,Drama
1353,Romance
1354,Drama
1354,Mystery
1355,Horror
1355,Thriller
1356,Action
1356,Adventure
1356,Sci-Fi
1356,Thriller
1357,Drama
1357,Romance
1358,Drama
1359,Children
1359,Comedy
1360,Drama
1363,Drama
1367,Adventure
1367,Children
1367,Comedy
1370,Action
1370,Adventure
1370,Thriller
1371,Adventure
1371,Sci-Fi
1372,Action
1372,Mystery
1372,Sci-Fi
1373,Action
1373,Sci-Fi
1374,Action
1374,Adventure
1374,Sci-Fi
1374,Thriller
1375,Action
1375,Adventure
1375,Sci-Fi
1376,Adventure
1376,Comedy
1376,Sci-Fi
1377,Action
1377,Crime
1379,Action
1379,Western
1380,Comedy
1380,Musical
1380,Romance
1383,Action
1383,Sci-Fi
1387,Action
1387,Horror
1389,Action
1389,Horror
1391,Action
1391,Comedy
1391,Sci-Fi
1392,Comedy
1392,Drama
1393,Drama
1393,Romance
1394,Comedy
1395,Comedy
1395,Drama
1398,Romance
1398,War
1399,Drama
1401,Drama
1404,Crime
1404,Drama
1408,Action
1408,Romance
1408,War
1408,Western
1410,Comedy
1410,Drama
1411,Crime
1411,Drama
1411,Romance
1412,Drama
1413,Drama
1414,Comedy
1417,Drama
1419,Adventure
1419,Drama
1421,Documentary
1424,Action
1425,Comedy
1426,Children
1427,Action
1427,Thriller
1430,Comedy
1430,Thriller
1431,Action
1431,Comedy
1432,Action
1432,Comedy
1432,Crime
1432,Drama
1432,Thriller
1433,Horror
1433,Sci-Fi
1433,Thriller
1434,Action
1437,Drama
1438,Action
1438,Thriller
1439,Comedy
1440,Comedy
1441,Comedy
1441,Romance
1445,Comedy
1445,War
1446,Comedy
1446,Drama
1447,Crime
1449,Comedy
1453,Comedy
1453,Romance
1454,Comedy
1454,Drama
1456,Comedy
1457,Comedy
1457,Drama
1457,Romance
1458,Drama
1458,Fantasy
1458,Romance
1459,Mystery
1459,Thriller
1460,Children
1460,Comedy
1460,Mystery
1463,Comedy
1463,Romance
1464,Crime
1464,Drama
1464,Fantasy
1464,Film-Noir
1464,Mystery
1464,Romance
1465,Action
1465,Drama
1466,Crime
1466,Drama
1468,Comedy
1468,Romance
1471,Drama
1472,Crime
1472,Thriller
1473,Action
1473,Comedy
1473,Crime
1473,Drama
1475,Romance
1476,Comedy
1476,Drama
1479,Action
1479,Romance
1479,Sci-Fi
1479,Thriller
1480,Drama
1480,Thriller
1482,Comedy
1482,Drama
1483,Drama
1483,Thriller
1484,Comedy
1484,Drama
1484,Mystery
1484,Romance
1489,Animation
1489,Children
1489,Musical
1495,Action
1495,Adventure
1495,Children
1496,Drama
1496,Romance
1497,Action
1498,Drama
1498,Romance
1499,Action
1499,Adventure
1499,Thriller
1500,Comedy
1500,Crime
1500,Romance
1502,Drama
1502,Romance
1503,Comedy
1507,Drama
1507,War
1513,Comedy
1515,Action
1515,Drama
1515,Thriller
1516,Comedy
1517,Action
1517,Adventure
1517,Comedy
1523,Action
1523,Crime
1523,Romance
1524,Drama
1527,Action
1527,Adventure
1527,Comedy
1527,Sci-Fi
1529,Comedy
1529,Drama
1535,Drama
1535,Romance
1539,Comedy
1539,Crime
1541,Comedy
1541,Romance
1542,Comedy
1542,Drama
1542,Romance
1543,Drama
1544,Action
1544,Adventure
1544,Sci-Fi
1544,Thriller
1545,Drama
1546,Comedy
1547,Children
1547,Drama
1550,Comedy
1550,Romance
1551,Adventure
1551,Children
1551,Drama
1552,Action
1552,Adventure
1552,Thriller
1554,Drama
1554,Romance
1555,Drama
1556,Action
1556,Romance
1556,Thriller
1557,Drama
1562,Action
1562,Adventure
1562,Fantasy
1562,Thriller
1564,Comedy
1564,Drama
1564,Romance
1566,Adventure
1566,Animation
1566,Children
1566,Comedy
1566,Musical
1568,Crime
1568,Drama
1568,Mystery
1570,Horror
1570,Sci-Fi
1573,Action
1573,Crime
1573,Drama
1573,Thriller
1574,Romance
1579,Drama
1581,Comedy
1582,Adventure
1582,Children
1583,Children
1583,Fantasy
1585,Comedy
1586,Action
1586,Drama
1587,Action
1587,Adventure
1587,Fantasy
1588,Children
1588,Comedy
1589,Action
1589,Crime
1589,Drama
1589,Thriller
1593,Comedy
1593,Romance
1594,Comedy
1594,Drama
1595,Adventure
1595,Children
1595,Drama
1596,Drama
1597,Drama
1597,Mystery
1597,Romance
1597,Thriller
1598,Crime
1598,Drama
1598,Thriller
1599,Action
1600,Drama
1600,Romance
1601,Crime
1601,Drama
1601,Film-Noir
1603,Horror
1603,Sci-Fi
1603,Thriller
1604,Action
1604,Comedy
1606,Action
1606,Adventure
1608,Action
1608,Thriller
1609,Drama
1609,Thriller
1610,Action
1610,Adventure
1610,Thriller
1611,Drama
1611,Romance
1613,Drama
1617,Crime
1617,Film-Noir
1617,Mystery
1617,Thriller
1619,Adventure
1619,Drama
1619,War
1621,Drama
1623,Horror
1624,Drama
1625,Drama
1625,Mystery
1625,Thriller
1626,Action
1626,Drama
1626,Thriller
1627,Crime
1627,Drama
1627,Mystery
1632,Comedy
1632,Romance
1633,Drama
1635,Drama
1639,Comedy
1639,Drama
1639,Romance
1641,Comedy
1641,Drama
1643,Drama
1643,Romance
1645,Drama
1645,Mystery
1645,Thriller
1646,Children
1646,Comedy
1646,Romance
1646,Sci-Fi
1649,Documentary
1650,Drama
1651,Drama
1652,Documentary
1653,Drama
1653,Sci-Fi
1653,Thriller
1654,Children
1654,Drama
1654,Fantasy
1655,Drama
1655,Horror
1655,Thriller
1656,Drama
1656,Romance
1657,Comedy
1657,Documentary
1658,Romance
1658,Thriller
1659,Drama
1660,Drama
1661,Crime
1661,Mystery
1661,Thriller
1662,Crime
1663,Comedy
1663,War
1665,Comedy
1666,Romance
1667,Action
1667,Drama
1668,Drama
1669,Romance
1670,Drama
1670,War
1671,Crime
1671,Drama
1671,Thriller
1672,Drama
1673,Drama
1674,Drama
1674,Romance
1674,Thriller
1676,Action
1676,Sci-Fi
1677,Comedy
1677,Drama
1678,Drama
1678,Romance
1680,Drama
1680,Romance
1681,Action
1681,Adventure
1681,Fantasy
1682,Comedy
1682,Drama
1682,Sci-Fi
1683,Drama
1683,Romance
1686,Crime
1686,Thriller
1687,Action
1687,Thriller
1688,Adventure
1688,Animation
1688,Children
1688,Drama
1688,Musical
1693,Drama
1693,Mystery
1695,Drama
1701,Comedy
1701,Drama
1702,Children
1702,Comedy
1702,Fantasy
1703,Comedy
1704,Drama
1704,Romance
1707,Children
1707,Comedy
1711,Crime
1711,Drama
1711,Mystery
1715,Thriller
1717,Comedy
1717,Horror
1717,Mystery
1717,Thriller
1719,Drama
1721,Drama
1721,Romance
1722,Action
1722,Adventure
1722,Thriller
1726,Action
1726,Adventure
1726,Drama
1726,Sci-Fi
1727,Drama
1727,Romance
1728,Drama
1731,Comedy
1735,Drama
1735,Romance
1744,Action
1744,Adventure
1744,Thriller
1746,Comedy
1747,Comedy
1748,Adventure
1748,Film-Noir
1748,Sci-Fi
1748,Thriller
1749,Drama
1749,Romance
1749,Thriller
1750,Adventure
1750,Children
1750,Fantasy
1750,Sci-Fi
1752,Action
1752,Crime
1752,Thriller
1753,Comedy
1755,Comedy
1755,Romance
1759,Drama
1760,Comedy
1762,Action
1762,Horror
1762,Sci-Fi
1765,Crime
1765,Drama
1769,Action
1769,Crime
1769,Thriller
1770,Crime
1770,Romance
1770,Thriller
1772,Action
1772,Comedy
1772,Musical
1773,Action
1773,Drama
1776,Drama
1777,Comedy
1777,Romance
1779,Sci-Fi
1779,Thriller
1782,Comedy
1782,Romance
1783,Crime
1783,Drama
1783,Mystery
1783,Romance
1783,Thriller
1784,Comedy
1784,Drama
1784,Romance
1785,Crime
1785,Thriller
1788,Action
1788,Drama
1791,Crime
1791,Drama
1791,Thriller
1792,Action
1792,Crime
1792,Thriller
1793,Comedy
1794,Comedy
1794,Drama
1797,Documentary
1797,IMAX
1799,Comedy
1799,Crime
1799,Drama
1799,Mystery
1799,Thriller
1801,Action
1801,Adventure
1801,Drama
1804,Crime
1804,Drama
1805,Crime
1805,Drama
1805,Mystery
1805,Thriller
1807,Drama
1809,Crime
1809,Drama
1810,Comedy
1810,Drama
1811,Drama
1812,Children
1812,Comedy
1812,Drama
1814,Drama
1815,Drama
1816,Comedy
1816,Drama
1820,Drama
1820,Romance
1821,Comedy
1821,Romance
1822,Children
1822,Comedy
1824,Comedy
1824,Thriller
1826,Adventure
1826,Children
1827,Comedy
1827,Documentary
1829,Drama
1829,Romance
1833,Action
1833,Drama
1833,Thriller
1834,Crime
1834,Drama
1834,Mystery
1834,Thriller
1835,Drama
1835,Fantasy
1835,Romance
1836,Comedy
1836,Drama
1837,Comedy
1839,Comedy
1840,Drama
1841,Drama
1841,Thriller
1842,Crime
1842,Drama
1845,Comedy
1845,Mystery
1845,Thriller
1846,Drama
1849,Adventure
1850,Drama
1850,Romance
1852,Drama
1852,Thriller
1853,Comedy
1854,Comedy
1854,Romance
1855,Comedy
1857,Comedy
1859,Drama
1860,Drama
1862,Horror
1862,Sci-Fi
1865,Documentary
1869,Action
1869,Thriller
1870,Comedy
1870,Drama
1875,Comedy
1876,Drama
1876,Sci-Fi
1876,Thriller
1879,Drama
1879,Romance
1880,Drama
1881,Adventure
1881,Animation
1881,Children
1881,Fantasy
1881,Musical
1882,Action
1882,Sci-Fi
1882,Thriller
1883,Comedy
1883,Drama
1883,Romance
1884,Adventure
1884,Comedy
1884,Drama
1885,Comedy
1885,Drama
1885,Romance
1887,Adventure
1887,Comedy
1887,Western
1888,Comedy
1888,Drama
1888,Romance
1889,Drama
1889,Mystery
1889,Thriller
1893,Drama
1895,Comedy
1895,Drama
1895,Romance
1897,Drama
1897,Romance
1902,Drama
1902,Romance
1903,Comedy
1904,Comedy
1904,Drama
1906,Comedy
1906,Romance
1908,Drama
1908,Thriller
1909,Action
1909,Crime
1909,Mystery
1909,Sci-Fi
1909,Thriller
1912,Comedy
1912,Crime
1912,Drama
1912,Romance
1912,Thriller
1914,Comedy
1914,Drama
1915,Drama
1916,Drama
1916,Romance
1918,Action
1918,Comedy
1918,Crime
1918,Thriller
1920,Animation
1920,Children
1920,Fantasy
1920,War
1921,Drama
1921,Sci-Fi
1921,Thriller
1923,Comedy
1923,Romance
1926,Musical
1927,Action
1927,Drama
1927,War
1928,Drama
1928,Western
1930,Drama
1930,Romance
1930,War
1931,Adventure
1931,Drama
1932,Drama
1932,Musical
1935,Drama
1935,Musical
1935,Romance
1937,Comedy
1937,Drama
1937,Musical
1938,Drama
1939,Drama
1939,War
1940,Drama
1942,Drama
1949,Drama
1950,Drama
1950,Mystery
1951,Drama
1951,Musical
1952,Drama
1953,Action
1953,Crime
1953,Thriller
1954,Drama
1955,Drama
1957,Drama
1958,Comedy
1958,Drama
1960,Drama
1961,Drama
1963,Comedy
1963,Crime
1964,Drama
1964,Mystery
1965,Comedy
1965,Sci-Fi
1968,Comedy
1968,Drama
1969,Horror
1970,Horror
1970,Thriller
1971,Horror
1971,Thriller
1973,Horror
1974,Horror
1974,Mystery
1974,Thriller
1975,Horror
1976,Horror
1977,Horror
1978,Horror
1979,Horror
1980,Horror
1981,Horror
1983,Horror
1986,Horror
1987,Horror
1988,Horror
1988,Thriller
1989,Horror
1991,Horror
1991,Thriller
1992,Horror
1992,Thriller
1995,Horror
1995,Thriller
1996,Horror
1996,Thriller
1997,Horror
1997,Mystery
1998,Horror
1999,Horror
2000,Action
2000,Comedy
2000,Crime
2000,Drama
2001,Action
2001,Comedy
2001,Crime
2001,Drama
2002,Action
2002,Comedy
2002,Crime
2002,Drama
2003,Comedy
2003,Horror
2004,Comedy
2004,Horror
2005,Action
2005,Adventure
2005,Children
2005,Comedy
2005,Fantasy
2006,Action
2006,Comedy
2006,Romance
2009,Drama
2009,Mystery
2009,Sci-Fi
2009,Thriller
2010,Drama
2010,Sci-Fi
2011,Adventure
2011,Comedy
2011,Sci-Fi
2012,Adventure
2012,Comedy
2012,Sci-Fi
2012,Western
2013,Action
2013,Adventure
2013,Drama
2014,Children
2014,Comedy
2014,Fantasy
2015,Children
2015,Comedy
2015,Fantasy
2016,Children
2016,Comedy
2016,Western
2017,Children
2017,Fantasy
2017,Musical
2020,Drama
2020,Romance
2022,Drama
2023,Crime
2023,Drama
2023,Mystery
2023,Thriller
2024,Drama
2024,Mystery
2025,Drama
2025,Romance
2026,Horror
2026,Thriller
2027,Comedy
2027,Crime
2028,Action
2028,Drama
2028,War
2031,Children
2031,Comedy
2032,Children
2032,Comedy
2033,Adventure
2033,Animation
2033,Children
2033,Fantasy
2034,Children
2034,Sci-Fi
2035,Children
2035,Comedy
2037,Adventure
2037,Children
2037,Comedy
2038,Children
2038,Comedy
2038,Sci-Fi
2040,Children
2040,Comedy
2041,Action
2041,Adventure
2041,Children
2041,Comedy
2042,Children
2042,Comedy
2043,Adventure
2043,Children
2043,Fantasy
2044,Comedy
2044,Fantasy
2045,Adventure
2045,Children
2045,Drama
2045,Romance
2046,Adventure
2046,Children
2046,Sci-Fi
2047,Adventure
2047,Children
2047,Fantasy
2047,Musical
2048,Action
2048,Animation
2048,Children
2048,Crime
2049,Comedy
2049,Musical
2050,Adventure
2050,Children
2050,Comedy
2051,Adventure
2051,Children
2051,Comedy
2053,Children
2053,Comedy
2053,Sci-Fi
2054,Adventure
2054,Children
2054,Comedy
2054,Fantasy
2054,Sci-Fi
2055,Action
2055,Comedy
2055,Western
2056,Adventure
2056,Children
2057,Adventure
2057,Children
2058,Action
2058,Crime
2058,Drama
2058,Mystery
2058,Thriller
2059,Children
2059,Comedy
2059,Romance
2060,Comedy
2062,Drama
2062,Romance
2064,Documentary
2065,Comedy
2065,Drama
2065,Fantasy
2065,Romance
2067,Drama
2067,Romance
2067,War
2068,Drama
2068,Fantasy
2068,Mystery
2069,Drama
2070,Drama
2070,Romance
2070,Western
2071,Drama
2072,Comedy
2073,Comedy
2075,Drama
2075,War
2076,Drama
2076,Mystery
2076,Thriller
2077,Adventure
2077,Children
2078,Animation
2078,Children
2078,Comedy
2078,Musical
2079,Adventure
2079,Children
2079,Drama
2080,Animation
2080,Children
2080,Comedy
2080,Romance
2081,Animation
2081,Children
2081,Comedy
2081,Musical
2081,Romance
2082,Children
2082,Comedy
2083,Children
2083,Comedy
2083,Musical
2085,Adventure
2085,Animation
2085,Children
2086,Drama
2086,Fantasy
2087,Animation
2087,Children
2087,Fantasy
2087,Musical
2089,Adventure
2089,Animation
2089,Children
2090,Adventure
2090,Animation
2090,Children
2090,Crime
2090,Drama
2091,Children
2091,Sci-Fi
2092,Adventure
2092,Animation
2092,Children
2092,Fantasy
2092,Musical
2092,Romance
2093,Adventure
2093,Children
2093,Fantasy
2094,Action
2094,Adventure
2094,Sci-Fi
2095,Children
2095,Comedy
2096,Animation
2096,Children
2096,Musical
2097,Children
2097,Drama
2097,Fantasy
2097,Mystery
2097,Thriller
2098,Children
2098,Comedy
2099,Adventure
2099,Animation
2099,Children
2099,Musical
2100,Comedy
2100,Fantasy
2100,Romance
2101,Adventure
2101,Drama
2103,Adventure
2103,Children
2103,Fantasy
2103,Western
2104,Drama
2105,Action
2105,Adventure
2105,Sci-Fi
2107,Horror
2107,Thriller
2108,Comedy
2108,Romance
2109,Comedy
2110,Comedy
2110,Crime
2110,Thriller
2111,Comedy
2112,Crime
2112,Drama
2114,Drama
2115,Action
2115,Adventure
2115,Fantasy
2116,Adventure
2116,Animation
2116,Children
2116,Fantasy
2118,Thriller
2119,Horror
2121,Horror
2121,Thriller
2122,Horror
2122,Thriller
2123,Animation
2123,Children
2123,Comedy
2123,Drama
2123,Fantasy
2125,Comedy
2125,Drama
2125,Romance
2128,Comedy
2130,Crime
2130,Drama
2130,Romance
2132,Drama
2133,Adventure
2133,Comedy
2134,Comedy
2134,Fantasy
2134,Sci-Fi
2137,Animation
2137,Children
2138,Adventure
2138,Animation
2138,Children
2138,Drama
2138,Fantasy
2141,Adventure
2141,Animation
2141,Children
2141,Comedy
2143,Adventure
2143,Fantasy
2143,Romance
2144,Comedy
2144,Romance
2145,Comedy
2145,Drama
2145,Romance
2146,Drama
2146,Romance
2147,Adventure
2147,Drama
2147,Fantasy
2148,Comedy
2148,Fantasy
2148,Horror
2149,Comedy
2149,Fantasy
2149,Horror
2150,Adventure
2150,Comedy
2153,Action
2153,Adventure
2154,Drama
2154,Romance
2155,Comedy
2155,Drama
2159,Crime
2159,Horror
2159,Thriller
2161,Adventure
2161,Children
2161,Fantasy
2162,Adventure
2162,Children
2162,Fantasy
2166,Crime
2166,Drama
2166,Romance
2166,Thriller
2167,Action
2167,Horror
2167,Thriller
2170,Action
2170,Comedy
2171,Comedy
2171,Drama
2171,Romance
2173,Adventure
2173,Fantasy
2173,Sci-Fi
2174,Comedy
2174,Fantasy
2176,Crime
2176,Drama
2176,Thriller
2177,Comedy
2177,Thriller
2178,Thriller
2179,Thriller
2180,Thriller
2181,Drama
2181,Mystery
2181,Romance
2181,Thriller
2183,Adventure
2183,Drama
2183,Mystery
2183,Thriller
2184,Comedy
2184,Mystery
2185,Thriller
2186,Crime
2186,Drama
2186,Film-Noir
2186,Thriller
2187,Mystery
2187,Romance
2187,Thriller
2188,Drama
2189,Animation
2189,Comedy
2189,Fantasy
2189,Sci-Fi
2193,Action
2193,Adventure
2193,Fantasy
2194,Action
2194,Crime
2194,Drama
2195,Comedy
2196,Action
2199,Crime
2199,Drama
2201,Drama
2203,Crime
2203,Drama
2203,Thriller
2204,Mystery
2204,Thriller
2205,Comedy
2205,Romance
2211,Thriller
2212,Drama
2212,Thriller
2215,Comedy
2215,Romance
2216,Drama
2217,Comedy
2217,Musical
2219,Mystery
2219,Thriller
2221,Drama
2221,Thriller
2226,Drama
2230,Comedy
2232,Horror
2232,Mystery
2232,Sci-Fi
2232,Thriller
2236,Drama
2237,Drama
2238,Comedy
2238,Drama
2240,Drama
2241,Comedy
2242,Drama
2243,Comedy
2243,Drama
2243,Romance
2244,Comedy
2244,Romance
2245,Comedy
2245,Drama
2245,Romance
2247,Comedy
2248,Comedy
2248,Drama
2248,Romance
2249,Comedy
2250,Drama
2252,Comedy
2252,Drama
2253,Comedy
2253,Fantasy
2254,Drama
2255,Comedy
2257,Comedy
2257,Romance
2259,Comedy
2259,Romance
2260,Crime
2260,Drama
2261,Comedy
2263,Drama
2263,Fantasy
2263,Thriller
2264,Comedy
2264,Crime
2265,Adventure
2265,Comedy
2267,Mystery
2267,Thriller
2268,Crime
2268,Drama
2268,Thriller
2269,Drama
2269,Romance
2272,Drama
2273,Action
2273,Comedy
2273,Crime
2273,Thriller
2275,Action
2275,Adventure
2275,Sci-Fi
2276,Drama
2278,Action
2278,Crime
2278,Thriller
2280,Crime
2281,Action
2281,Crime
2281,Drama
2282,Comedy
2282,Drama
2283,Drama
2284,Drama
2286,Comedy
2287,Horror
2287,Sci-Fi
2287,Thriller
2290,Comedy
2290,Drama
2291,Drama
2291,Fantasy
2291,Romance
2292,Comedy
2292,Romance
2294,Adventure
2294,Animation
2294,Children
2294,Comedy
2294,Fantasy
2295,Comedy
2296,Comedy
2297,Adventure
2297,Drama
2297,Fantasy
2297,Romance
2299,Comedy
2301,Comedy
2301,Musical
2302,Comedy
2303,Drama
2303,Musical
2304,Drama
2306,Comedy
2307,Action
2307,Crime
2308,Action
2308,Crime
2310,Drama
2315,Comedy
2315,Horror
2315,Thriller
2316,Drama
2316,Fantasy
2316,Mystery
2316,Romance
2317,Comedy
2318,Comedy
2318,Drama
2320,Drama
2320,Thriller
2321,Comedy
2321,Drama
2321,Fantasy
2322,Action
2322,Sci-Fi
2322,War
2326,Drama
2326,Thriller
2327,Fantasy
2327,Horror
2327,Thriller
2329,Crime
2329,Drama
2331,Comedy
2331,Drama
2331,Romance
2332,Crime
2332,Drama
2335,Comedy
2336,Drama
2337,Drama
2338,Horror
2338,Mystery
2338,Thriller
2339,Comedy
2339,Romance
2340,Romance
2341,Drama
2344,Action
2344,Adventure
2344,Drama
2344,Thriller
2346,Mystery
2346,Sci-Fi
2346,Thriller
2347,Drama
2348,Drama
2351,Drama
2352,Comedy
2352,Drama
2353,Action
2353,Thriller
2355,Adventure
2355,Animation
2355,Children
2355,Comedy
2356,Comedy
2357,Drama
2358,Drama
2358,War
2359,Comedy
2361,Comedy
2362,Drama
2363,Drama
2363,Horror
2363,Sci-Fi
2364,Action
2364,Horror
2364,Sci-Fi
2364,Thriller
2366,Action
2366,Adventure
2366,Fantasy
2366,Horror
2367,Adventure
2367,Fantasy
2367,Romance
2367,Sci-Fi
2367,Thriller
2368,Adventure
2368,Sci-Fi
2369,Comedy
2369,Drama
2369,Romance
2370,Action
2370,Adventure
2370,Drama
2371,Comedy
2371,Crime
2371,Mystery
2372,Comedy
2373,Action
2373,Adventure
2373,Fantasy
2375,Comedy
2376,Action
2376,Adventure
2376,Thriller
2377,Horror
2377,Sci-Fi
2378,Comedy
2378,Crime
2379,Comedy
2379,Crime
2380,Comedy
2380,Crime
2381,Comedy
2381,Crime
2383,Comedy
2383,Crime
2384,Adventure
2384,Children
2384,Drama
2387,Comedy
2387,Crime
2389,Crime
2389,Horror
2389,Thriller
2390,Comedy
2392,Children
2392,Comedy
2392,Drama
2393,Action
2393,Drama
2393,Romance
2393,Sci-Fi
2394,Animation
2394,Musical
2395,Comedy
2395,Drama
2396,Comedy
2396,Drama
2396,Romance
2397,Drama
2398,Comedy
2398,Drama
2400,Children
2400,Drama
2400,Fantasy
2401,Western
2402,Action
2402,Adventure
2402,Thriller
2403,Action
2403,Adventure
2403,Drama
2403,Thriller
2404,Action
2404,Adventure
2404,Thriller
2404,War
2405,Action
2405,Adventure
2405,Comedy
2405,Romance
2406,Action
2406,Adventure
2406,Comedy
2406,Romance
2407,Comedy
2407,Sci-Fi
2408,Comedy
2408,Sci-Fi
2409,Action
2409,Drama
2410,Action
2410,Drama
2411,Action
2411,Drama
2412,Action
2412,Drama
2413,Comedy
2413,Crime
2413,Mystery
2413,Thriller
2414,Action
2414,Adventure
2414,Children
2414,Fantasy
2414,Mystery
2414,Thriller
2415,Drama
2415,Romance
2417,Comedy
2417,Drama
2418,Comedy
2420,Drama
2423,Comedy
2424,Comedy
2424,Romance
2425,Crime
2426,Comedy
2426,Drama
2426,Romance
2427,Action
2427,Drama
2427,War
2428,Horror
2428,Sci-Fi
2429,Action
2429,Adventure
2429,Drama
2429,Fantasy
2429,Thriller
2430,Adventure
2430,Children
2430,Drama
2431,Comedy
2431,Drama
2433,Drama
2434,Drama
2435,Drama
2436,Comedy
2436,Drama
2436,War
2438,Comedy
2438,Drama
2438,Thriller
2440,Drama
2441,Drama
2441,Romance
2441,Western
2442,Drama
2443,Drama
2443,Romance
2444,Comedy
2444,Drama
2446,Horror
2446,Thriller
2447,Comedy
2447,Drama
2449,Adventure
2449,Children
2449,Comedy
2450,Adventure
2450,Comedy
2450,Sci-Fi
2451,Horror
2452,Horror
2453,Drama
2453,Fantasy
2454,Horror
2454,Mystery
2454,Sci-Fi
2455,Drama
2455,Horror
2455,Sci-Fi
2455,Thriller
2456,Horror
2456,Sci-Fi
2457,Action
2457,Comedy
2459,Horror
2460,Horror
2461,Comedy
2461,Horror
2461,Thriller
2462,Horror
2463,Comedy
2465,Horror
2466,Drama
2468,Action
2468,Comedy
2468,Romance
2468,Thriller
2469,Comedy
2469,Drama
2472,Comedy
2474,Drama
2475,Action
2475,Mystery
2475,Thriller
2476,Action
2476,War
2477,Adventure
2479,Drama
2479,Thriller
2481,Drama
2481,Romance
2482,Comedy
2482,Romance
2486,Comedy
2486,Drama
2490,Action
2490,Thriller
2494,Documentary
2496,Comedy
2496,Romance
2497,Romance
2501,Drama
2502,Comedy
2502,Crime
2505,Drama
2505,Mystery
2505,Thriller
2506,Comedy
2506,Drama
2506,Romance
2507,Comedy
2507,Sci-Fi
2509,Comedy
2511,Crime
2511,Film-Noir
2514,Comedy
2514,Horror
2520,Drama
2521,Action
2521,Drama
2521,Thriller
2522,Drama
2523,Drama
2523,Thriller
2525,Action
2525,Horror
2525,Sci-Fi
2526,Sci-Fi
2528,Action
2528,Adventure
2528,Sci-Fi
2529,Action
2529,Drama
2529,Sci-Fi
2530,Action
2530,Sci-Fi
2531,Action
2531,Sci-Fi
2532,Action
2532,Sci-Fi
2534,Action
2536,Drama
2537,Adventure
2540,Action
2540,Crime
2540,Drama
2540,Thriller
2541,Drama
2542,Comedy
2542,Crime
2542,Thriller
2543,Comedy
2545,Comedy
2546,Drama
2547,Drama
2548,Horror
2550,Horror
2550,Thriller
2551,Drama
2551,Horror
2551,Thriller
2554,Horror
2554,Sci-Fi
2554,Thriller
2555,Comedy
2559,Animation
2559,Children
2561,Crime
2561,Thriller
2565,Drama
2565,Musical
2565,Romance
2567,Comedy
2568,Action
2568,Crime
2569,Comedy
2569,Drama
2569,Romance
2574,Comedy
2580,Comedy
2580,Crime
2581,Comedy
2581,Romance
2583,Comedy
2583,Drama
2584,Comedy
2586,Comedy
2586,Crime
2586,Thriller
2587,Comedy
2587,Crime
2587,Drama
2588,Animation
2589,Comedy
2589,Drama
2589,Romance
2590,Drama
2594,Drama
2594,Romance
2594,Sci-Fi
2594,Thriller
2596,Comedy
2596,Drama
2597,Comedy
2597,Romance
2598,Comedy
2599,Comedy
2600,Action
2600,Sci-Fi
2600,Thriller
2606,Comedy
2606,Horror
2610,Drama
2611,Drama
2612,Drama
2612,Film-Noir
2613,Comedy
2613,Horror
2613,Sci-Fi
2616,Action
2616,Crime
2617,Action
2617,Adventure
2617,Comedy
2617,Fantasy
2617,Horror
2617,Thriller
2620,Drama
2620,Romance
2624,Drama
2624,Fantasy
2627,Documentary
2627,Drama
2629,Comedy
2629,Romance
2631,Comedy
2631,Film-Noir
2631,Thriller
2633,Horror
2633,Romance
2634,Horror
2635,Horror
2636,Horror
2638,Horror
2640,Action
2640,Adventure
2640,Sci-Fi
2641,Action
2641,Sci-Fi
2642,Action
2642,Adventure
2642,Sci-Fi
2643,Action
2643,Adventure
2643,Sci-Fi
2644,Horror
2646,Horror
2648,Drama
2648,Horror
2648,Sci-Fi
2649,Horror
2650,Horror
2651,Horror
2652,Horror
2653,Horror
2654,Drama
2654,Fantasy
2654,Horror
2657,Comedy
2657,Horror
2657,Musical
2657,Sci-Fi
2658,Sci-Fi
2659,Comedy
2659,Documentary
2660,Horror
2660,Sci-Fi
2661,Sci-Fi
2664,Horror
2664,Sci-Fi
2664,Thriller
2665,Sci-Fi
2666,Sci-Fi
2668,Horror
2668,Sci-Fi
2669,War
2671,Comedy
2671,Romance
2672,Drama
2672,Sci-Fi
2672,Thriller
2674,Drama
2674,Fantasy
2678,Drama
2679,Comedy
2679,Drama
2679,Romance
2680,Drama
2681,Comedy
2681,Romance
2681,Sci-Fi
2682,Drama
2683,Action
2683,Adventure
2683,Comedy
2687,Adventure
2687,Animation
2687,Children
2687,Drama
2688,Crime
2688,Drama
2688,Mystery
2688,Thriller
2689,Documentary
2690,Comedy
2690,Romance
2691,Drama
2692,Action
2692,Crime
2694,Comedy
2695,Drama
2701,Action
2701,Comedy
2701,Sci-Fi
2701,Western
2702,Drama
2703,Drama
2704,Drama
2704,Romance
2706,Comedy
2706,Romance
2707,Thriller
2709,Children
2709,Comedy
2711,Drama
2713,Horror
2713,Thriller
2714,Drama
2715,Comedy
2715,Romance
2716,Action
2716,Comedy
2716,Sci-Fi
2717,Comedy
2717,Fantasy
2717,Sci-Fi
2718,Comedy
2719,Horror
2719,Thriller
2723,Action
2723,Comedy
2723,Fantasy
2724,Comedy
2724,Romance
2732,Drama
2732,Romance
2733,Adventure
2733,Comedy
2733,Romance
2734,Adventure
2734,Drama
2734,Thriller
2735,Action
2735,Adventure
2735,Comedy
2735,Fantasy
2735,Mystery
2737,Action
2737,Drama
2737,Thriller
2738,Comedy
2738,Drama
2739,Drama
2740,Horror
2740,Sci-Fi
2744,Drama
2745,Drama
2749,Drama
2749,Mystery
2750,Comedy
2750,Drama
2751,Comedy
2751,Drama
2752,Comedy
2752,Mystery
2755,Drama
2758,Drama
2759,Comedy
2761,Adventure
2761,Animation
2761,Children
2761,Drama
2761,Sci-Fi
2762,Drama
2762,Horror
2762,Mystery
2763,Action
2763,Mystery
2765,Comedy
2765,Drama
2766,Comedy
2766,Drama
2767,Comedy
2768,Comedy
2769,Crime
2769,Drama
2770,Comedy
2771,Drama
2772,Comedy
2774,Comedy
2774,Romance
2775,Drama
2777,Drama
2780,Comedy
2780,Horror
2781,Horror
2782,Horror
2783,Horror
2785,Horror
2786,Comedy
2787,Horror
2788,Comedy
2789,Horror
2791,Comedy
2792,Comedy
2793,Comedy
2793,Horror
2793,Romance
2793,Thriller
2794,Adventure
2794,Comedy
2794,Romance
2795,Comedy
2796,Comedy
2798,Children
2798,Comedy
2799,Comedy
2802,Action
2802,Drama
2802,Romance
2802,Thriller
2803,Crime
2803,Drama
2803,Mystery
2803,Romance
2803,Thriller
2804,Children
2804,Comedy
2805,Comedy
2805,Romance
2806,Comedy
2806,Thriller
2808,Action
2808,Sci-Fi
2809,Comedy
2810,Animation
2810,Horror
2810,Mystery
2810,Thriller
2813,Documentary
2814,Horror
2815,Action
2815,War
2816,Action
2816,War
2817,Action
2818,Action
2818,War
2820,Drama
2821,Adventure
2821,Drama
2824,Documentary
2824,Drama
2825,Drama
2826,Action
2826,Adventure
2826,Fantasy
2828,Children
2828,Comedy
2831,Children
2831,Drama
2833,Romance
2833,War
2834,Comedy
2834,Romance
2835,Action
2835,Adventure
2835,Comedy
2835,Thriller
2836,Comedy
2837,Comedy
2837,Romance
2841,Horror
2841,Mystery
2841,Thriller
2844,Drama
2844,Mystery
2847,Adventure
2847,Drama
2847,Romance
2849,Comedy
2849,Drama
2852,Drama
2855,Horror
2856,Thriller
2857,Adventure
2857,Animation
2857,Comedy
2857,Fantasy
2857,Musical
2859,Documentary
2859,Musical
2862,Drama
2863,Adventure
2863,Comedy
2863,Musical
2864,Comedy
2865,Comedy
2866,Drama
2870,Comedy
2872,Adventure
2872,Fantasy
2873,Drama
2873,Mystery
2873,Romance
2874,Comedy
2874,Musical
2874,Romance
2876,Animation
2876,Children
2876,Fantasy
2883,Comedy
2883,Drama
2884,Comedy
2884,Romance
2886,Children
2886,Comedy
2887,Action
2887,Comedy
2888,Comedy
2888,Romance
2889,Comedy
2889,Drama
2890,Action
2890,Adventure
2890,Comedy
2890,Drama
2890,War
2891,Comedy
2892,Action
2892,Drama
2893,Action
2893,Adventure
2893,Drama
2894,Drama
2894,Romance
2895,Adventure
2895,Drama
2896,Western
2898,Horror
2898,Mystery
2901,Horror
2901,Sci-Fi
2902,Horror
2902,Mystery
2902,Thriller
2903,Horror
2903,Thriller
2904,Drama
2905,Action
2905,Adventure
2905,Drama
2907,Comedy
2908,Drama
2912,Crime
2912,Drama
2912,Thriller
2915,Comedy
2916,Action
2916,Adventure
2916,Sci-Fi
2916,Thriller
2917,Crime
2917,Thriller
2918,Comedy
2919,Drama
2919,Romance
2919,War
2920,Drama
2920,Romance
2921,Western
2922,Crime
2922,Drama
2922,Western
2926,Comedy
2926,Drama
2927,Drama
2927,Romance
2928,Drama
2929,Drama
2929,Romance
2932,Drama
2935,Comedy
2935,Romance
2936,Adventure
2936,Comedy
2936,Romance
2937,Comedy
2938,Drama
2938,Sci-Fi
2940,Drama
2940,Film-Noir
2940,Mystery
2940,Romance
2942,Drama
2942,Romance
2943,Drama
2943,Romance
2944,Action
2944,Drama
2944,War
2945,Mystery
2946,Comedy
2946,Musical
2947,Action
2947,Adventure
2947,Thriller
2948,Action
2948,Adventure
2948,Thriller
2949,Action
2949,Adventure
2949,Thriller
2950,Adventure
2950,Drama
2950,Romance
2951,Action
2951,Western
2953,Children
2953,Comedy
2956,Action
2956,Crime
2956,Thriller
2957,Drama
2959,Action
2959,Crime
2959,Drama
2959,Thriller
2960,Drama
2963,Crime
2963,Drama
2964,Drama
2966,Adventure
2966,Drama
2967,Drama
2967,Thriller
2968,Adventure
2968,Comedy
2968,Fantasy
2968,Sci-Fi
2970,Adventure
2970,Drama
2971,Drama
2971,Fantasy
2971,Musical
2973,Comedy
2973,Crime
2973,Drama
2976,Drama
2977,Comedy
2977,Drama
2978,Comedy
2978,Romance
2982,Horror
2982,Thriller
2983,Thriller
2984,Documentary
2985,Action
2985,Crime
2985,Drama
2985,Sci-Fi
2985,Thriller
2986,Action
2986,Crime
2986,Sci-Fi
2986,Thriller
2987,Adventure
2987,Animation
2987,Children
2987,Comedy
2987,Crime
2987,Fantasy
2987,Mystery
2988,Drama
2989,Action
2989,Adventure
2989,Thriller
2990,Action
2990,Adventure
2990,Thriller
2991,Action
2991,Adventure
2991,Thriller
2992,Horror
2992,Thriller
2993,Action
2993,Adventure
2993,Thriller
2994,Drama
2996,Drama
2997,Comedy
2997,Drama
2997,Fantasy
3001,Drama
3003,Comedy
3003,Drama
3003,Romance
3003,War
3005,Thriller
3006,Drama
3006,Thriller
3008,Drama
3008,Sci-Fi
3012,Comedy
3013,Comedy
3013,Horror
3014,Comedy
3015,Thriller
3016,Horror
3018,Comedy
3018,Horror
3018,Sci-Fi
3019,Crime
3019,Drama
3020,Action
3020,Drama
3021,Horror
3022,Comedy
3022,War
3024,Horror
3024,Sci-Fi
3025,Western
3028,Comedy
3031,Comedy
3032,Action
3032,Drama
3032,Sci-Fi
3032,Thriller
3033,Comedy
3033,Sci-Fi
3034,Adventure
3034,Animation
3034,Children
3034,Comedy
3034,Musical
3035,Comedy
3035,Drama
3035,War
3036,Adventure
3036,Drama
3037,Western
3038,Drama
3040,Comedy
3041,Comedy
3042,Comedy
3043,Comedy
3044,Mystery
3044,Romance
3044,Thriller
3045,Comedy
3045,Drama
3048,Comedy
3049,Comedy
3049,War
3050,Drama
3051,Comedy
3051,Drama
3052,Adventure
3052,Comedy
3052,Fantasy
3053,Drama
3053,War
3055,Thriller
3058,Horror
3058,Sci-Fi
3061,Comedy
3061,Musical
3062,Action
3062,Drama
3062,War
3063,Drama
3063,Thriller
3066,Action
3066,Drama
3066,War
3067,Comedy
3067,Drama
3069,Drama
3071,Comedy
3071,Drama
3072,Comedy
3072,Romance
3073,Drama
3073,Romance
3078,Drama
3081,Fantasy
3081,Horror
3081,Mystery
3081,Romance
3082,Action
3082,Adventure
3082,Thriller
3083,Drama
3087,Comedy
3087,Fantasy
3087,Romance
3090,Drama
3091,Drama
3091,War
3093,Drama
3093,Western
3094,Drama
3094,Romance
3097,Comedy
3097,Drama
3097,Romance
3098,Drama
3099,Comedy
3099,Drama
3099,Romance
3100,Drama
3101,Drama
3101,Thriller
3102,Crime
3102,Romance
3102,Thriller
3103,Drama
3103,Romance
3104,Action
3104,Comedy
3104,Crime
3104,Thriller
3105,Drama
3105,Mystery
3106,Drama
3106,Romance
3107,Action
3107,Drama
3108,Comedy
3108,Drama
3108,Fantasy
3108,Romance
3109,Drama
3110,Drama
3111,Drama
3112,Drama
3113,Action
3113,Fantasy
3113,Horror
3113,Mystery
3113,Thriller
3114,Adventure
3114,Animation
3114,Children
3114,Comedy
3114,Fantasy
3115,Drama
3117,Drama
3117,Romance
3117,War
3120,Comedy
3125,Drama
3126,Drama
3127,Comedy
3127,Drama
3129,Comedy
3129,Drama
3130,Comedy
3130,Crime
3130,Drama
3132,Comedy
3132,Drama
3133,Comedy
3133,Western
3135,Drama
3137,Action
3137,War
3138,Drama
3141,Drama
3143,Drama
3143,War
3144,Comedy
3144,Romance
3146,Comedy
3148,Drama
3150,Drama
3150,Thriller
3151,Crime
3151,Drama
3151,Mystery
3152,Drama
3155,Drama
3155,Romance
3156,Drama
3156,Romance
3156,Sci-Fi
3157,Children
3157,Comedy
3157,Fantasy
3159,Animation
3159,Children
3159,Musical
3159,IMAX
3160,Drama
3161,Drama
3161,Romance
3162,Comedy
3162,Drama
3163,Comedy
3163,Drama
3163,Musical
3164,Drama
3168,Adventure
3168,Drama
3169,Crime
3169,Drama
3169,Thriller
3173,Drama
3174,Comedy
3174,Drama
3175,Adventure
3175,Comedy
3175,Sci-Fi
3176,Drama
3176,Mystery
3176,Thriller
3177,Comedy
3178,Drama
3179,Drama
3180,Comedy
3180,Drama
3181,Drama
3183,Drama
3185,Drama
3186,Drama
3189,Children
3189,Drama
3190,Adventure
3190,Sci-Fi
3190,Thriller
3196,Drama
3196,War
3197,Action
3197,Crime
3197,Romance
3197,Thriller
3199,Comedy
3199,Drama
3199,Musical
3199,Romance
3203,Thriller
3204,Action
3204,Mystery
3204,Thriller
3210,Comedy
3210,Drama
3210,Romance
3211,Drama
3214,Drama
3215,Drama
3218,Drama
3219,Mystery
3219,Thriller
3221,Drama
3222,Drama
3223,Drama
3229,Crime
3229,Drama
3230,Thriller
3231,Comedy
3232,Comedy
3236,Comedy
3236,Musical
3236,Western
3238,Thriller
3239,Comedy
3240,Comedy
3243,Comedy
3244,Comedy
3244,Romance
3246,Drama
3247,Comedy
3247,Crime
3248,Comedy
3249,Drama
3249,Thriller
3251,Drama
3251,Mystery
3252,Drama
3253,Comedy
3255,Comedy
3255,Drama
3256,Action
3256,Crime
3256,Drama
3256,Thriller
3257,Drama
3257,Romance
3257,Thriller
3258,Comedy
3258,Fantasy
3259,Adventure
3259,Drama
3259,Romance
3260,Drama
3261,Comedy
3261,Drama
3261,Romance
3262,Crime
3262,Drama
3262,Mystery
3262,Thriller
3263,Comedy
3263,Drama
3264,Action
3264,Comedy
3264,Horror
3265,Action
3265,Crime
3265,Drama
3265,Thriller
3267,Action
3267,Crime
3267,Thriller
3267,Western
3268,Action
3268,Comedy
3269,Drama
3269,Romance
3269,Sci-Fi
3271,Drama
3272,Crime
3272,Drama
3273,Comedy
3273,Horror
3273,Mystery
3273,Thriller
3274,Drama
3274,Thriller
3275,Action
3275,Crime
3275,Drama
3275,Thriller
3279,Action
3279,Drama
3283,Action
3284,Comedy
3284,Mystery
3284,Romance
3285,Adventure
3285,Drama
3286,Comedy
3287,Animation
3287,Children
3288,Drama
3293,Drama
3293,Sci-Fi
3294,Horror
3295,Drama
3296,Drama
3299,Comedy
3299,Drama
3300,Horror
3300,Sci-Fi
3300,Thriller
3301,Comedy
3301,Crime
3302,Comedy
3304,Crime
3304,Drama
3306,Comedy
3307,Comedy
3307,Drama
3307,Romance
3308,Comedy
3308,Drama
3310,Comedy
3310,Drama
3311,Western
3315,Musical
3316,Action
3316,Thriller
3317,Comedy
3317,Drama
3318,Drama
3318,Thriller
3319,Drama
3322,Comedy
3324,Comedy
3325,Comedy
3325,Drama
3326,Comedy
3326,Sci-Fi
3328,Crime
3328,Drama
3329,Drama
3329,Romance
3330,Drama
3330,Romance
3331,Drama
3334,Crime
3334,Drama
3334,Film-Noir
3334,Thriller
3336,Drama
3336,Fantasy
3336,War
3337,Comedy
3337,Drama
3339,War
3340,Horror
3340,Sci-Fi
3341,Comedy
3342,Drama
3342,War
3343,Comedy
3343,Drama
3343,Romance
3344,Horror
3347,Adventure
3347,Drama
3348,Crime
3348,Horror
3348,Thriller
3350,Drama
3354,Sci-Fi
3357,Drama
3357,Romance
3358,Comedy
3358,Drama
3358,Fantasy
3358,Romance
3359,Comedy
3359,Drama
3361,Comedy
3361,Drama
3361,Romance
3362,Crime
3362,Drama
3363,Comedy
3363,Drama
3364,Crime
3364,Film-Noir
3365,Drama
3365,Western
3368,Romance
3368,Western
3370,Drama
3370,Thriller
3372,Action
3372,War
3373,Western
3374,Drama
3375,Sci-Fi
3377,Drama
3377,War
3379,Drama
3380,Film-Noir
3384,Action
3384,Crime
3386,Drama
3386,Mystery
3386,Thriller
3388,Children
3388,Comedy
3391,Comedy
3393,Comedy
3393,Fantasy
3393,Romance
3394,Comedy
3394,Romance
3395,Comedy
3396,Adventure
3396,Children
3396,Comedy
3396,Musical
3397,Children
3397,Comedy
3398,Children
3398,Comedy
3398,Musical
3400,Adventure
3400,Animation
3400,Children
3400,Fantasy
3401,Adventure
3401,Sci-Fi
3402,Comedy
3402,Drama
3402,Romance
3403,Drama
3403,Thriller
3404,Action
3404,Drama
3405,Action
3405,Drama
3408,Drama
3409,Drama
3409,Thriller
3414,Drama
3414,Romance
3414,War
3417,Adventure
3417,Comedy
3419,Comedy
3419,Crime
3421,Comedy
3422,Comedy
3422,Romance
3424,Drama
3425,Drama
3425,Musical
3426,Drama
3426,Romance
3427,Crime
3428,Drama
3431,Action
3431,Drama
3432,Action
3432,Drama
3433,Action
3433,Drama
3434,Action
3434,Drama
3436,Drama
3436,Romance
3438,Action
3438,Children
3438,Comedy
3438,Fantasy
3438,Sci-Fi
3439,Action
3439,Children
3439,Fantasy
3440,Action
3440,Adventure
3440,Children
3440,Comedy
3440,Fantasy
3441,Action
3441,Drama
3441,War
3442,Action
3442,Crime
3442,Drama
3443,Action
3443,Drama
3443,Thriller
3445,Mystery
3445,Thriller
3446,Comedy
3446,Drama
3447,Drama
3448,Comedy
3448,Drama
3448,War
3449,Drama
3451,Drama
3452,Action
3452,Crime
3452,Romance
3452,Thriller
3453,Drama
3453,Romance
3457,Drama
3457,Thriller
3460,Comedy
3462,Comedy
3462,Drama
3462,Romance
3463,Comedy
3464,Sci-Fi
3464,Thriller
3465,Drama
3466,Comedy
3466,Fantasy
3467,Drama
3467,Western
3468,Drama
3469,Drama
3470,Adventure
3470,Drama
3471,Adventure
3471,Drama
3471,Sci-Fi
3473,Comedy
3475,Drama
3475,Romance
3477,Comedy
3477,Drama
3478,Drama
3480,Drama
3480,Romance
3481,Comedy
3481,Drama
3481,Romance
3483,Animation
3483,Children
3484,Thriller
3487,Western
3488,Horror
3488,Sci-Fi
3489,Adventure
3489,Comedy
3489,Fantasy
3490,Horror
3491,Comedy
3492,Adventure
3492,Comedy
3492,Romance
3494,Adventure
3494,Drama
3494,Western
3496,Drama
3497,Comedy
3499,Drama
3499,Horror
3499,Thriller
3500,Comedy
3500,Drama
3501,Comedy
3501,Romance
3502,Drama
3505,Drama
3505,Mystery
3505,Thriller
3506,Comedy
3506,Drama
3508,Action
3508,Adventure
3508,Drama
3508,Thriller
3508,Western
3509,Drama
3510,Drama
3510,Thriller
3511,Comedy
3512,Drama
3512,Romance
3513,Drama
3513,Thriller
3514,Drama
3515,Comedy
3515,Romance
3516,Comedy
3516,Fantasy
3516,Romance
3518,Drama
3518,Thriller
3519,Action
3519,Drama
3519,War
3520,Comedy
3524,Comedy
3524,Romance
3525,Comedy
3526,Comedy
3526,Drama
3527,Action
3527,Sci-Fi
3527,Thriller
3528,Drama
3528,Romance
3530,Comedy
3531,Comedy
3531,Drama
3531,Romance
3534,Drama
3535,Crime
3535,Horror
3535,Mystery
3535,Thriller
3536,Comedy
3536,Drama
3536,Romance
3537,Comedy
3537,Drama
3539,Documentary
3543,Comedy
3543,Drama
3544,Comedy
3545,Drama
3545,Musical
3547,Comedy
3547,Drama
3549,Comedy
3549,Musical
3549,Romance
3550,Horror
3551,Crime
3551,Drama
3551,Thriller
3552,Comedy
3553,Drama
3553,Thriller
3555,Action
3555,Thriller
3555,War
3556,Drama
3556,Romance
3557,Mystery
3557,Thriller
3563,Action
3563,Horror
3564,Children
3564,Comedy
3565,Comedy
3565,Drama
3567,Comedy
3567,Drama
3567,Romance
3572,Horror
3572,Sci-Fi
3576,Action
3576,Horror
3576,Sci-Fi
3578,Action
3578,Adventure
3578,Drama
3579,Drama
3584,Action
3584,Drama
3584,Romance
3584,Thriller
3585,Adventure
3585,War
3586,Drama
3586,Romance
3587,Horror
3588,Crime
3588,Drama
3589,Adventure
3589,Fantasy
3590,Comedy
3590,Drama
3593,Action
3593,Sci-Fi
3595,Comedy
3596,Comedy
3598,Crime
3598,Drama
3598,Romance
3598,Thriller
3600,Comedy
3600,Musical
3601,Comedy
3601,Western
3602,Comedy
3602,Musical
3602,Romance
3603,Comedy
3604,Musical
3605,Crime
3605,Drama
3605,Musical
3606,Comedy
3606,Musical
3606,Romance
3608,Adventure
3608,Comedy
3610,Drama
3610,Musical
3610,Romance
3611,Animation
3611,Children
3611,Comedy
3612,Adventure
3612,Children
3612,Fantasy
3612,Musical
3612,Romance
3614,Comedy
3614,Romance
3615,Adventure
3615,Animation
3615,Children
3616,Comedy
3616,Romance
3617,Comedy
3618,Comedy
3618,Crime
3619,Comedy
3621,Drama
3621,Horror
3622,Comedy
3624,Action
3624,Adventure
3624,Comedy
3624,Western
3625,Documentary
3628,Action
3628,Drama
3628,Romance
3628,War
3632,Comedy
3632,Crime
3633,Action
3633,Adventure
3633,Romance
3633,Thriller
3634,Thriller
3635,Action
3635,Adventure
3635,Thriller
3636,Drama
3638,Action
3638,Adventure
3638,Sci-Fi
3638,Thriller
3639,Action
3639,Adventure
3639,Thriller
3641,Drama
3643,Action
3643,Drama
3643,War
3644,Western
3646,Comedy
3647,Adventure
3647,Children
3647,Drama
3648,Horror
3648,Sci-Fi
3649,Drama
3653,Documentary
3654,Action
3654,Adventure
3654,Drama
3654,War
3656,Crime
3656,Film-Noir
3656,Mystery
3656,Thriller
3657,Drama
3658,Horror
3658,Sci-Fi
3660,Horror
3660,Sci-Fi
3660,Thriller
3661,Horror
3661,Sci-Fi
3661,Thriller
3662,Horror
3662,Sci-Fi
3662,Thriller
3663,Horror
3663,Sci-Fi
3663,Thriller
3664,Horror
3664,Sci-Fi
3664,Thriller
3665,Horror
3665,Sci-Fi
3665,Thriller
3668,Drama
3668,Romance
3669,Comedy
3671,Comedy
3671,Western
3675,Comedy
3675,Musical
3675,Romance
3676,Drama
3676,Horror
3678,Drama
3680,Documentary
3681,Action
3681,Drama
3681,Thriller
3681,Western
3682,Action
3682,Crime
3682,Drama
3682,Thriller
3683,Crime
3683,Drama
3683,Film-Noir
3684,Drama
3684,Romance
3685,Comedy
3685,Drama
3685,Romance
3686,Horror
3686,Sci-Fi
3686,Thriller
3687,Adventure
3687,Animation
3687,Fantasy
3687,Sci-Fi
3688,Comedy
3689,Comedy
3690,Comedy
3691,Comedy
3692,Comedy
3692,Horror
3693,Comedy
3693,Horror
3694,Comedy
3694,Horror
3695,Comedy
3695,Horror
3696,Comedy
3696,Horror
3696,Sci-Fi
3696,Thriller
3698,Action
3698,Sci-Fi
3701,Crime
3701,Drama
3701,Sci-Fi
3701,Thriller
3702,Action
3702,Adventure
3702,Sci-Fi
3704,Action
3704,Adventure
3704,Sci-Fi
3705,Action
3705,Comedy
3705,Romance
3706,Film-Noir
3706,Horror
3706,Mystery
3706,Thriller
3708,Horror
3708,Thriller
3709,Horror
3710,Action
3710,Comedy
3710,Crime
3710,Thriller
3711,Drama
3714,Drama
3715,Comedy
3715,Crime
3716,Action
3716,Comedy
3716,Crime
3716,Drama
3717,Action
3717,Crime
3720,Drama
3721,Comedy
3721,Crime
3721,Mystery
3723,Drama
3724,Drama
3724,War
3725,Animation
3725,Musical
3728,Crime
3728,Drama
3728,Film-Noir
3728,Thriller
3729,Action
3729,Crime
3729,Drama
3729,Thriller
3731,Drama
3731,Thriller
3733,Drama
3734,Drama
3735,Crime
3735,Drama
3737,Drama
3737,Western
3738,Drama
3741,Crime
3741,Drama
3741,Thriller
3744,Action
3744,Crime
3744,Thriller
3745,Action
3745,Adventure
3745,Animation
3745,Children
3745,Sci-Fi
3748,Comedy
3748,Romance
3751,Animation
3751,Children
3751,Comedy
3753,Action
3753,Drama
3753,War
3755,Drama
3755,Thriller
3756,Drama
3759,Animation
3759,Children
3759,Musical
3760,Comedy
3763,Action
3763,Crime
3763,Thriller
3765,Crime
3765,Drama
3765,Romance
3766,Action
3766,War
3768,Action
3768,War
3769,Action
3771,Action
3771,Adventure
3771,Fantasy
3773,Comedy
3774,Comedy
3774,Drama
3774,Romance
3775,Animation
3775,Children
3775,Musical
3776,Animation
3776,Children
3776,Musical
3778,Comedy
3781,Action
3781,Crime
3783,Crime
3783,Drama
3784,Comedy
3784,Fantasy
3786,Comedy
3788,Drama
3788,Mystery
3789,Drama
3791,Drama
3792,Drama
3792,Romance
3792,Western
3793,Action
3793,Adventure
3793,Sci-Fi
3795,Drama
3798,Drama
3798,Horror
3798,Mystery
3801,Drama
3801,Mystery
3802,Action
3802,Sci-Fi
3803,Comedy
3803,Drama
3803,Western
3806,Western
3807,Adventure
3807,Fantasy
3808,Drama
3808,War
3809,Comedy
3810,Drama
3810,Thriller
3811,Drama
3811,War
3813,Drama
3814,Comedy
3819,Comedy
3820,Children
3823,Drama
3824,Drama
3824,Romance
3825,Comedy
3825,Drama
3825,Romance
3826,Horror
3826,Sci-Fi
3826,Thriller
3827,Action
3827,Adventure
3827,Comedy
3827,Sci-Fi
3828,Comedy
3831,Comedy
3835,Thriller
3836,Action
3836,Comedy
3836,War
3837,Action
3837,Fantasy
3837,Horror
3837,Sci-Fi
3837,Thriller
3838,Horror
3839,Horror
3840,Horror
3841,Action
3841,Comedy
3844,Drama
3845,Drama
3846,Comedy
3848,Drama
3848,Thriller
3849,Horror
3849,Mystery
3849,Thriller
3853,Drama
3858,Comedy
3861,Comedy
3862,Comedy
3863,Drama
3863,Horror
3863,Thriller
3865,Comedy
3865,Documentary
3868,Action
3868,Comedy
3868,Crime
3868,Romance
3871,Drama
3871,Western
3872,Drama
3873,Comedy
3873,Western
3874,Comedy
3874,Drama
3874,Romance
3875,Horror
3876,Comedy
3876,Crime
3876,Drama
3878,Horror
3878,Sci-Fi
3879,Action
3879,Thriller
3881,Documentary
3882,Comedy
3883,Comedy
3883,Drama
3887,Drama
3888,Drama
3888,Romance
3890,Documentary
3893,Comedy
3893,Crime
3893,Drama
3893,Romance
3893,Thriller
3895,Crime
3895,Thriller
3896,Crime
3896,Thriller
3897,Drama
3898,Action
3898,Comedy
3900,Comedy
3900,Drama
3901,Comedy
3901,Drama
3908,Horror
3909,Comedy
3909,Romance
3910,Drama
3910,Musical
3911,Comedy
3912,Comedy
3912,Drama
3913,Documentary
3915,Drama
3916,Drama
3919,Horror
3920,Drama
3920,Fantasy
3920,Mystery
3920,Romance
3921,Comedy
3922,Comedy
3923,Horror
3923,Sci-Fi
3924,Comedy
3925,Comedy
3925,Drama
3926,Adventure
3926,Sci-Fi
3927,Adventure
3927,Sci-Fi
3928,Comedy
3928,Horror
3930,Adventure
3930,Horror
3930,Sci-Fi
3934,Sci-Fi
3936,Horror
3936,Musical
3936,Thriller
3937,Sci-Fi
3937,Thriller
3938,Horror
3942,Horror
3943,Comedy
3947,Action
3947,Crime
3947,Drama
3947,Thriller
3948,Comedy
3949,Drama
3950,Drama
3951,Drama
